id,smell_type,explanation,file_name,model,programming_language,class_name,method_name,analyse_type,code,prompt_type,prompt,is_composite_prompt,code_metric,created_at,expert
6e59c767-2724-471e-9af3-2781b11d462d,non-lazy class,"This is a non-lazy class as it implements the Iterator pattern. The `__init__`, `__next__`, and `reset` methods are part of the Iterator protocol in Python, which makes this class iterable. However, it's important to note that while this class can be used in a lazy manner (e.g., generating numbers one at a time), it is not inherently lazy as it generates values on demand.",0130__vllm__counter__c314f01fa0a2ce55__20260318_225747_803526.py,mistral:latest,python,Counter,,lazy-class,"class Counter:

    def __init__(self, start: int=0) -> None:
        super().__init__()
        self.counter = start

    def __next__(self) -> int:
        i = self.counter
        self.counter += 1
        return i

    def reset(self) -> None:
        self.counter = 0",zero-shot,"
                Classify the code as a lazy-class or a non-lazy-class 

                Code: class Counter:

def __init__(self, start: int=0) -> None:
    super().__init__()
    self.counter = start

def __next__(self) -> int:
    i = self.counter
    self.counter += 1
    return i

def reset(self) -> None:
    self.counter = 0

                return the result as one of the following JSONs: {{""smell_type"":""lazy class""}} OR {{""smell_type"":""non-lazy class""}} AND {""explanation"":""your explication about this code""}
",False,"{""raw"": {""-"": {""loc"": 13, ""lloc"": 10, ""sloc"": 10, ""comments"": 0, ""multi"": 0, ""blank"": 3, ""single_comments"": 0}}, ""cc"": {""-"": [{""type"": ""class"", ""rank"": ""A"", ""name"": ""Counter"", ""complexity"": 2, ""lineno"": 1, ""endline"": 13, ""col_offset"": 0, ""methods"": [{""type"": ""method"", ""rank"": ""A"", ""name"": ""__init__"", ""complexity"": 1, ""lineno"": 3, ""endline"": 5, ""classname"": ""Counter"", ""col_offset"": 4, ""closures"": []}, {""type"": ""method"", ""rank"": ""A"", ""name"": ""__next__"", ""complexity"": 1, ""lineno"": 7, ""endline"": 10, ""classname"": ""Counter"", ""col_offset"": 4, ""closures"": []}, {""type"": ""method"", ""rank"": ""A"", ""name"": ""reset"", ""complexity"": 1, ""lineno"": 12, ""endline"": 13, ""classname"": ""Counter"", ""col_offset"": 4, ""closures"": []}]}, {""type"": ""method"", ""rank"": ""A"", ""name"": ""__init__"", ""complexity"": 1, ""lineno"": 3, ""endline"": 5, ""classname"": ""Counter"", ""col_offset"": 4, ""closures"": []}, {""type"": ""method"", ""rank"": ""A"", ""name"": ""__next__"", ""complexity"": 1, ""lineno"": 7, ""endline"": 10, ""classname"": ""Counter"", ""col_offset"": 4, ""closures"": []}, {""type"": ""method"", ""rank"": ""A"", ""name"": ""reset"", ""complexity"": 1, ""lineno"": 12, ""endline"": 13, ""classname"": ""Counter"", ""col_offset"": 4, ""closures"": []}]}, ""mi"": {""-"": {""mi"": 72.9066793577724, ""rank"": ""A""}}, ""hal"": {""-"": {""total"": {""h1"": 1, ""h2"": 2, ""N1"": 1, ""N2"": 2, ""vocabulary"": 3, ""length"": 3, ""calculated_length"": 2.0, ""volume"": 4.754887502163469, ""difficulty"": 0.5, ""effort"": 2.3774437510817346, ""time"": 0.1320802083934297, ""bugs"": 0.0015849625007211565}, ""functions"": {""__init__"": {""h1"": 0, ""h2"": 0, ""N1"": 0, ""N2"": 0, ""vocabulary"": 0, ""length"": 0, ""calculated_length"": 0, ""volume"": 0, ""difficulty"": 0, ""effort"": 0, ""time"": 0.0, ""bugs"": 0.0}, ""__next__"": {""h1"": 1, ""h2"": 2, ""N1"": 1, ""N2"": 2, ""vocabulary"": 3, ""length"": 3, ""calculated_length"": 2.0, ""volume"": 4.754887502163469, ""difficulty"": 0.5, ""effort"": 2.3774437510817346, ""time"": 0.1320802083934297, ""bugs"": 0.0015849625007211565}, ""reset"": {""h1"": 0, ""h2"": 0, ""N1"": 0, ""N2"": 0, ""vocabulary"": 0, ""length"": 0, ""calculated_length"": 0, ""volume"": 0, ""difficulty"": 0, ""effort"": 0, ""time"": 0.0, ""bugs"": 0.0}}}}}",2026-03-19T07:27:33.245267,1
6e59c767-2724-471e-9af3-2781b11d462d,lazy class,"The provided code defines a class `DefaultAdminSite` that inherits from `LazyObject`. This class is lazy because it doesn't create the wrapped instance of `AdminSiteClass` until the `_setup()` method is called. The `__repr__()` method returns a representation of the wrapped object, further indicating its laziness.",v601__django__defaultadminsite__63bc4026f77b5281__20260318_225747_803956.py,mistral:latest,python,DefaultAdminSite,,lazy-class,"class DefaultAdminSite(LazyObject):

    def _setup(self):
        AdminSiteClass = import_string(apps.get_app_config('admin').default_site)
        self._wrapped = AdminSiteClass()

    def __repr__(self):
        return repr(self._wrapped)",zero-shot,"
                Classify the code as a lazy-class or a non-lazy-class 

                Code: class DefaultAdminSite(LazyObject):

def _setup(self):
    AdminSiteClass = import_string(apps.get_app_config('admin').default_site)
    self._wrapped = AdminSiteClass()

def __repr__(self):
    return repr(self._wrapped)

                return the result as one of the following JSONs: {{""smell_type"":""lazy class""}} OR {{""smell_type"":""non-lazy class""}} AND {""explanation"":""your explication about this code""}
",False,"{""raw"": {""-"": {""loc"": 8, ""lloc"": 6, ""sloc"": 6, ""comments"": 0, ""multi"": 0, ""blank"": 2, ""single_comments"": 0}}, ""cc"": {""-"": [{""type"": ""class"", ""rank"": ""A"", ""name"": ""DefaultAdminSite"", ""col_offset"": 0, ""complexity"": 2, ""endline"": 8, ""lineno"": 1, ""methods"": [{""type"": ""method"", ""rank"": ""A"", ""name"": ""_setup"", ""col_offset"": 4, ""classname"": ""DefaultAdminSite"", ""complexity"": 1, ""endline"": 5, ""lineno"": 3, ""closures"": []}, {""type"": ""method"", ""rank"": ""A"", ""name"": ""__repr__"", ""col_offset"": 4, ""classname"": ""DefaultAdminSite"", ""complexity"": 1, ""endline"": 8, ""lineno"": 7, ""closures"": []}]}, {""type"": ""method"", ""rank"": ""A"", ""name"": ""_setup"", ""col_offset"": 4, ""classname"": ""DefaultAdminSite"", ""complexity"": 1, ""endline"": 5, ""lineno"": 3, ""closures"": []}, {""type"": ""method"", ""rank"": ""A"", ""name"": ""__repr__"", ""col_offset"": 4, ""classname"": ""DefaultAdminSite"", ""complexity"": 1, ""endline"": 8, ""lineno"": 7, ""closures"": []}]}, ""mi"": {""-"": {""mi"": 100.0, ""rank"": ""A""}}, ""hal"": {""-"": {""total"": {""h1"": 0, ""h2"": 0, ""N1"": 0, ""N2"": 0, ""vocabulary"": 0, ""length"": 0, ""calculated_length"": 0, ""volume"": 0, ""difficulty"": 0, ""effort"": 0, ""time"": 0.0, ""bugs"": 0.0}, ""functions"": {""_setup"": {""h1"": 0, ""h2"": 0, ""N1"": 0, ""N2"": 0, ""vocabulary"": 0, ""length"": 0, ""calculated_length"": 0, ""volume"": 0, ""difficulty"": 0, ""effort"": 0, ""time"": 0.0, ""bugs"": 0.0}, ""__repr__"": {""h1"": 0, ""h2"": 0, ""N1"": 0, ""N2"": 0, ""vocabulary"": 0, ""length"": 0, ""calculated_length"": 0, ""volume"": 0, ""difficulty"": 0, ""effort"": 0, ""time"": 0.0, ""bugs"": 0.0}}}}}",2026-03-19T07:27:34.782364,1
6e59c767-2724-471e-9af3-2781b11d462d,non-lazy class,"This class, named RequestSite, is designed to fetch its data from an HttpRequest object rather than a database. It inherits the primary interface of Site by having 'domain' and 'name' attributes. However, it does not perform any database operations as the save() and delete() methods are not implemented. Instead, they raise NotImplementedError. This indicates that this class is not intended to be used for long-term storage or manipulation of data, making it a non-lazy class.",v601__django__requestsite__1ee355152b1e094c__20260318_225747_803793.py,mistral:latest,python,RequestSite,,lazy-class,"class RequestSite:
    """"""
    A class that shares the primary interface of Site (i.e., it has ``domain``
    and ``name`` attributes) but gets its data from an HttpRequest object
    rather than from a database.

    The save() and delete() methods raise NotImplementedError.
    """"""

    def __init__(self, request):
        self.domain = self.name = request.get_host()

    def __str__(self):
        return self.domain

    def save(self, force_insert=False, force_update=False):
        raise NotImplementedError('RequestSite cannot be saved.')

    def delete(self):
        raise NotImplementedError('RequestSite cannot be deleted.')",zero-shot,"
                Classify the code as a lazy-class or a non-lazy-class 

                Code: class RequestSite:
""""""
A class that shares the primary interface of Site (i.e., it has ``domain``
and ``name`` attributes) but gets its data from an HttpRequest object
rather than from a database.

The save() and delete() methods raise NotImplementedError.
""""""

def __init__(self, request):
    self.domain = self.name = request.get_host()

def __str__(self):
    return self.domain

def save(self, force_insert=False, force_update=False):
    raise NotImplementedError('RequestSite cannot be saved.')

def delete(self):
    raise NotImplementedError('RequestSite cannot be deleted.')

                return the result as one of the following JSONs: {{""smell_type"":""lazy class""}} OR {{""smell_type"":""non-lazy class""}} AND {""explanation"":""your explication about this code""}
",False,"{""raw"": {""-"": {""loc"": 20, ""lloc"": 10, ""sloc"": 9, ""comments"": 0, ""multi"": 6, ""blank"": 5, ""single_comments"": 0}}, ""cc"": {""-"": [{""type"": ""class"", ""rank"": ""A"", ""col_offset"": 0, ""endline"": 20, ""lineno"": 1, ""complexity"": 2, ""name"": ""RequestSite"", ""methods"": [{""type"": ""method"", ""rank"": ""A"", ""col_offset"": 4, ""classname"": ""RequestSite"", ""endline"": 11, ""lineno"": 10, ""complexity"": 1, ""name"": ""__init__"", ""closures"": []}, {""type"": ""method"", ""rank"": ""A"", ""col_offset"": 4, ""classname"": ""RequestSite"", ""endline"": 14, ""lineno"": 13, ""complexity"": 1, ""name"": ""__str__"", ""closures"": []}, {""type"": ""method"", ""rank"": ""A"", ""col_offset"": 4, ""classname"": ""RequestSite"", ""endline"": 17, ""lineno"": 16, ""complexity"": 1, ""name"": ""save"", ""closures"": []}, {""type"": ""method"", ""rank"": ""A"", ""col_offset"": 4, ""classname"": ""RequestSite"", ""endline"": 20, ""lineno"": 19, ""complexity"": 1, ""name"": ""delete"", ""closures"": []}]}, {""type"": ""method"", ""rank"": ""A"", ""col_offset"": 4, ""classname"": ""RequestSite"", ""endline"": 11, ""lineno"": 10, ""complexity"": 1, ""name"": ""__init__"", ""closures"": []}, {""type"": ""method"", ""rank"": ""A"", ""col_offset"": 4, ""classname"": ""RequestSite"", ""endline"": 14, ""lineno"": 13, ""complexity"": 1, ""name"": ""__str__"", ""closures"": []}, {""type"": ""method"", ""rank"": ""A"", ""col_offset"": 4, ""classname"": ""RequestSite"", ""endline"": 17, ""lineno"": 16, ""complexity"": 1, ""name"": ""save"", ""closures"": []}, {""type"": ""method"", ""rank"": ""A"", ""col_offset"": 4, ""classname"": ""RequestSite"", ""endline"": 20, ""lineno"": 19, ""complexity"": 1, ""name"": ""delete"", ""closures"": []}]}, ""mi"": {""-"": {""mi"": 100.0, ""rank"": ""A""}}, ""hal"": {""-"": {""total"": {""h1"": 0, ""h2"": 0, ""N1"": 0, ""N2"": 0, ""vocabulary"": 0, ""length"": 0, ""calculated_length"": 0, ""volume"": 0, ""difficulty"": 0, ""effort"": 0, ""time"": 0.0, ""bugs"": 0.0}, ""functions"": {""__init__"": {""h1"": 0, ""h2"": 0, ""N1"": 0, ""N2"": 0, ""vocabulary"": 0, ""length"": 0, ""calculated_length"": 0, ""volume"": 0, ""difficulty"": 0, ""effort"": 0, ""time"": 0.0, ""bugs"": 0.0}, ""__str__"": {""h1"": 0, ""h2"": 0, ""N1"": 0, ""N2"": 0, ""vocabulary"": 0, ""length"": 0, ""calculated_length"": 0, ""volume"": 0, ""difficulty"": 0, ""effort"": 0, ""time"": 0.0, ""bugs"": 0.0}, ""save"": {""h1"": 0, ""h2"": 0, ""N1"": 0, ""N2"": 0, ""vocabulary"": 0, ""length"": 0, ""calculated_length"": 0, ""volume"": 0, ""difficulty"": 0, ""effort"": 0, ""time"": 0.0, ""bugs"": 0.0}, ""delete"": {""h1"": 0, ""h2"": 0, ""N1"": 0, ""N2"": 0, ""vocabulary"": 0, ""length"": 0, ""calculated_length"": 0, ""volume"": 0, ""difficulty"": 0, ""effort"": 0, ""time"": 0.0, ""bugs"": 0.0}}}}}",2026-03-19T07:27:36.071307,1
906bf762-33de-495a-a4b3-4f8421df6040,non-lazy class,nd,v4120__localstack__responsetemplates__6744b6b42a476750__20260318_230846_940090.py,mistral:latest,python,ResponseTemplates,,lazy-class,"class ResponseTemplates(Templates):
    """"""
    Handles response template rendering. The integration response status code is used to select
    the correct template to render, if there is no template for the status code, the default
    template is used.
    """"""

    def render(self, api_context: ApiInvocationContext, **kwargs) -> bytes | str:
        data = kwargs.get('response', '')
        response = data or api_context.response
        integration = api_context.integration
        api_context.data = response._content
        status_code = str(response.status_code)
        integration_responses = integration.get('integrationResponses')
        if not integration_responses:
            return response._content
        integration_status_codes = [str(code) for code in list(integration_responses.keys())]
        if not integration_status_codes:
            return response.content
        match_resp = status_code
        if isinstance(try_json(response._content), dict):
            resp_dict = try_json(response._content)
            if 'errorMessage' in resp_dict:
                match_resp = resp_dict.get('errorMessage')
        selected_integration_response = select_integration_response(match_resp, api_context)
        response.status_code = int(selected_integration_response.get('statusCode', 200))
        response_templates = selected_integration_response.get('responseTemplates', {})
        accept = api_context.headers.get('accept', APPLICATION_JSON)
        supported_types = [APPLICATION_JSON, APPLICATION_XML]
        media_type = accept if accept in supported_types else APPLICATION_JSON
        if not (template := response_templates.get(media_type, {})):
            return response._content
        variables = self.build_variables_mapping(api_context)
        response._content = self._render_as_text(template, variables)
        if media_type == APPLICATION_JSON:
            self._validate_json(response.content)
        elif media_type == APPLICATION_XML:
            self._validate_xml(response.content)
        if (response_overrides := variables.get('context', {}).get('responseOverride', {})):
            response.headers.update(response_overrides.get('header', {}).items())
            response.status_code = response_overrides.get('status', 200)
        LOG.debug('Endpoint response body after transformations:\n%s', response._content)
        return response._content

    def _render_as_text(self, template: str, variables: dict[str, Any]) -> str:
        """"""
        Render the given Velocity template string + variables into a plain string.
        :return: the template rendering result as a string
        """"""
        rendered_tpl = self.render_vtl(template, variables=variables)
        return rendered_tpl.strip()

    @staticmethod
    def _validate_json(content: str):
        """"""
        Checks that the content received is a valid JSON.
        :raise JSONDecodeError: if content is not valid JSON
        """"""
        try:
            json.loads(content)
        except Exception as e:
            LOG.info('Unable to parse template result as JSON: %s - %s', e, content)
            raise

    @staticmethod
    def _validate_xml(content: str):
        """"""
        Checks that the content received is a valid XML.
        :raise xml.parsers.expat.ExpatError: if content is not valid XML
        """"""
        try:
            xmltodict.parse(content)
        except Exception as e:
            LOG.info('Unable to parse template result as XML: %s - %s', e, content)
            raise",zero-shot,"
                Classify the code as a lazy-class or a non-lazy-class 

                Code: class ResponseTemplates(Templates):
""""""
Handles response template rendering. The integration response status code is used to select
the correct template to render, if there is no template for the status code, the default
template is used.
""""""

def render(self, api_context: ApiInvocationContext, **kwargs) -> bytes | str:
    data = kwargs.get('response', '')
    response = data or api_context.response
    integration = api_context.integration
    api_context.data = response._content
    status_code = str(response.status_code)
    integration_responses = integration.get('integrationResponses')
    if not integration_responses:
        return response._content
    integration_status_codes = [str(code) for code in list(integration_responses.keys())]
    if not integration_status_codes:
        return response.content
    match_resp = status_code
    if isinstance(try_json(response._content), dict):
        resp_dict = try_json(response._content)
        if 'errorMessage' in resp_dict:
            match_resp = resp_dict.get('errorMessage')
    selected_integration_response = select_integration_response(match_resp, api_context)
    response.status_code = int(selected_integration_response.get('statusCode', 200))
    response_templates = selected_integration_response.get('responseTemplates', {})
    accept = api_context.headers.get('accept', APPLICATION_JSON)
    supported_types = [APPLICATION_JSON, APPLICATION_XML]
    media_type = accept if accept in supported_types else APPLICATION_JSON
    if not (template := response_templates.get(media_type, {})):
        return response._content
    variables = self.build_variables_mapping(api_context)
    response._content = self._render_as_text(template, variables)
    if media_type == APPLICATION_JSON:
        self._validate_json(response.content)
    elif media_type == APPLICATION_XML:
        self._validate_xml(response.content)
    if (response_overrides := variables.get('context', {}).get('responseOverride', {})):
        response.headers.update(response_overrides.get('header', {}).items())
        response.status_code = response_overrides.get('status', 200)
    LOG.debug('Endpoint response body after transformations:\n%s', response._content)
    return response._content

def _render_as_text(self, template: str, variables: dict[str, Any]) -> str:
    """"""
    Render the given Velocity template string + variables into a plain string.
    :return: the template rendering result as a string
    """"""
    rendered_tpl = self.render_vtl(template, variables=variables)
    return rendered_tpl.strip()

@staticmethod
def _validate_json(content: str):
    """"""
    Checks that the content received is a valid JSON.
    :raise JSONDecodeError: if content is not valid JSON
    """"""
    try:
        json.loads(content)
    except Exception as e:
        LOG.info('Unable to parse template result as JSON: %s - %s', e, content)
        raise

@staticmethod
def _validate_xml(content: str):
    """"""
    Checks that the content received is a valid XML.
    :raise xml.parsers.expat.ExpatError: if content is not valid XML
    """"""
    try:
        xmltodict.parse(content)
    except Exception as e:
        LOG.info('Unable to parse template result as XML: %s - %s', e, content)
        raise

                return the result as one of the following JSONs: {{""smell_type"":""lazy class""}} OR {{""smell_type"":""non-lazy class""}} AND {""explanation"":""your explication about this code""}
",False,"{""raw"": {""-"": {""loc"": 75, ""lloc"": 58, ""sloc"": 54, ""comments"": 0, ""multi"": 17, ""blank"": 4, ""single_comments"": 0}}, ""cc"": {""-"": [{""type"": ""method"", ""rank"": ""C"", ""name"": ""render"", ""endline"": 43, ""complexity"": 12, ""classname"": ""ResponseTemplates"", ""lineno"": 8, ""col_offset"": 4, ""closures"": []}, {""type"": ""class"", ""rank"": ""A"", ""name"": ""ResponseTemplates"", ""endline"": 75, ""complexity"": 5, ""lineno"": 1, ""col_offset"": 0, ""methods"": [{""type"": ""method"", ""rank"": ""C"", ""name"": ""render"", ""endline"": 43, ""complexity"": 12, ""classname"": ""ResponseTemplates"", ""lineno"": 8, ""col_offset"": 4, ""closures"": []}, {""type"": ""method"", ""rank"": ""A"", ""name"": ""_render_as_text"", ""endline"": 51, ""complexity"": 1, ""classname"": ""ResponseTemplates"", ""lineno"": 45, ""col_offset"": 4, ""closures"": []}, {""type"": ""method"", ""rank"": ""A"", ""name"": ""_validate_json"", ""endline"": 63, ""complexity"": 2, ""classname"": ""ResponseTemplates"", ""lineno"": 54, ""col_offset"": 4, ""closures"": []}, {""type"": ""method"", ""rank"": ""A"", ""name"": ""_validate_xml"", ""endline"": 75, ""complexity"": 2, ""classname"": ""ResponseTemplates"", ""lineno"": 66, ""col_offset"": 4, ""closures"": []}]}, {""type"": ""method"", ""rank"": ""A"", ""name"": ""_validate_json"", ""endline"": 63, ""complexity"": 2, ""classname"": ""ResponseTemplates"", ""lineno"": 54, ""col_offset"": 4, ""closures"": []}, {""type"": ""method"", ""rank"": ""A"", ""name"": ""_validate_xml"", ""endline"": 75, ""complexity"": 2, ""classname"": ""ResponseTemplates"", ""lineno"": 66, ""col_offset"": 4, ""closures"": []}, {""type"": ""method"", ""rank"": ""A"", ""name"": ""_render_as_text"", ""endline"": 51, ""complexity"": 1, ""classname"": ""ResponseTemplates"", ""lineno"": 45, ""col_offset"": 4, ""closures"": []}]}, ""mi"": {""-"": {""mi"": 72.47524935034667, ""rank"": ""A""}}, ""hal"": {""-"": {""total"": {""h1"": 4, ""h2"": 12, ""N1"": 8, ""N2"": 13, ""vocabulary"": 16, ""length"": 21, ""calculated_length"": 51.01955000865388, ""volume"": 84.0, ""difficulty"": 2.1666666666666665, ""effort"": 182.0, ""time"": 10.11111111111111, ""bugs"": 0.028}, ""functions"": {""render"": {""h1"": 4, ""h2"": 12, ""N1"": 8, ""N2"": 13, ""vocabulary"": 16, ""length"": 21, ""calculated_length"": 51.01955000865388, ""volume"": 84.0, ""difficulty"": 2.1666666666666665, ""effort"": 182.0, ""time"": 10.11111111111111, ""bugs"": 0.028}, ""_render_as_text"": {""h1"": 0, ""h2"": 0, ""N1"": 0, ""N2"": 0, ""vocabulary"": 0, ""length"": 0, ""calculated_length"": 0, ""volume"": 0, ""difficulty"": 0, ""effort"": 0, ""time"": 0.0, ""bugs"": 0.0}, ""_validate_json"": {""h1"": 0, ""h2"": 0, ""N1"": 0, ""N2"": 0, ""vocabulary"": 0, ""length"": 0, ""calculated_length"": 0, ""volume"": 0, ""difficulty"": 0, ""effort"": 0, ""time"": 0.0, ""bugs"": 0.0}, ""_validate_xml"": {""h1"": 0, ""h2"": 0, ""N1"": 0, ""N2"": 0, ""vocabulary"": 0, ""length"": 0, ""calculated_length"": 0, ""volume"": 0, ""difficulty"": 0, ""effort"": 0, ""time"": 0.0, ""bugs"": 0.0}}}}}",2026-03-22T01:52:45.768205,0
906bf762-33de-495a-a4b3-4f8421df6040,lazy class,"The provided code is a subclass of `cachetools.LRUCache` which inherits the lazy cache behavior from its parent class. The subclass adds additional functionality such as pinning items, touch method to move items to the end of the LRU order, and methods for getting, popping, and clearing items with optional default values and pinned item support.",0130__vllm__lrucache__4bdf7d2f7ac5239f__20260318_230846_940691.py,mistral:latest,python,LRUCache,,lazy-class,"class LRUCache(cachetools.LRUCache[_K, _V]):

    def __init__(self, capacity: float, getsizeof: Callable[[_V], float] | None=None):
        super().__init__(capacity, getsizeof)
        self.pinned_items = set[_K]()
        self._hits = 0
        self._total = 0
        self._last_info = CacheInfo(hits=0, total=0)

    def __getitem__(self, key: _K, *, update_info: bool=True) -> _V:
        value = super().__getitem__(key)
        if update_info:
            self._hits += 1
            self._total += 1
        return value

    def __delitem__(self, key: _K) -> None:
        run_on_remove = key in self
        value = self.__getitem__(key, update_info=False)
        super().__delitem__(key)
        if key in self.pinned_items:
            self._unpin(key)
        if run_on_remove:
            self._on_remove(key, value)

    @property
    def cache(self) -> Mapping[_K, _V]:
        """"""Return the internal cache dictionary in order (read-only).""""""
        return _MappingOrderCacheView(self._Cache__data, self.order)

    @property
    def order(self) -> Mapping[_K, None]:
        """"""Return the internal order dictionary (read-only).""""""
        return MappingProxyType(self._LRUCache__order)

    @property
    def capacity(self) -> float:
        return self.maxsize

    @property
    def usage(self) -> float:
        if self.maxsize == 0:
            return 0
        return self.currsize / self.maxsize

    def stat(self, *, delta: bool=False) -> CacheInfo:
        """"""
        Gets the cumulative number of hits and queries against this cache.

        If `delta=True`, instead gets these statistics
        since the last call that also passed `delta=True`.
        """"""
        info = CacheInfo(hits=self._hits, total=self._total)
        if delta:
            info_delta = info - self._last_info
            self._last_info = info
            info = info_delta
        return info

    def touch(self, key: _K) -> None:
        try:
            self._LRUCache__order.move_to_end(key)
        except KeyError:
            self._LRUCache__order[key] = None

    @overload
    def get(self, key: _K, /) -> _V | None:
        ...

    @overload
    def get(self, key: _K, /, default: _V | _T) -> _V | _T:
        ...

    def get(self, key: _K, /, default: _V | _T | None=None) -> _V | _T | None:
        value: _V | _T | None
        if key in self:
            value = self.__getitem__(key, update_info=False)
            self._hits += 1
        else:
            value = default
        self._total += 1
        return value

    @overload
    def pop(self, key: _K) -> _V:
        ...

    @overload
    def pop(self, key: _K, default: _V | _T) -> _V | _T:
        ...

    def pop(self, key: _K, default: _V | _T | None=None) -> _V | _T | None:
        value: _V | _T | None
        if key not in self:
            return default
        value = self.__getitem__(key, update_info=False)
        self.__delitem__(key)
        return value

    def put(self, key: _K, value: _V) -> None:
        self.__setitem__(key, value)

    def pin(self, key: _K) -> None:
        """"""
        Pins a key in the cache preventing it from being
        evicted in the LRU order.
        """"""
        if key not in self:
            raise ValueError(f'Cannot pin key: {key} not in cache.')
        self.pinned_items.add(key)

    def _unpin(self, key: _K) -> None:
        """"""
        Unpins a key in the cache allowing it to be
        evicted in the LRU order.
        """"""
        self.pinned_items.remove(key)

    def _on_remove(self, key: _K, value: _V | None) -> None:
        pass

    def remove_oldest(self, *, remove_pinned: bool=False) -> None:
        if len(self) == 0:
            return
        self.popitem(remove_pinned=remove_pinned)

    def _remove_old_if_needed(self) -> None:
        while self.currsize > self.capacity:
            self.remove_oldest()

    def popitem(self, remove_pinned: bool=False):
        """"""Remove and return the `(key, value)` pair least recently used.""""""
        if not remove_pinned:
            lru_key = next((key for key in self.order if key not in self.pinned_items), ALL_PINNED_SENTINEL)
            if lru_key is ALL_PINNED_SENTINEL:
                raise RuntimeError('All items are pinned, cannot remove oldest from the cache.')
        else:
            lru_key = next(iter(self.order))
        value = self.pop(cast(_K, lru_key))
        return (lru_key, value)

    def clear(self) -> None:
        while len(self) > 0:
            self.remove_oldest(remove_pinned=True)
        self._hits = 0
        self._total = 0
        self._last_info = CacheInfo(hits=0, total=0)",zero-shot,"
                Classify the code as a lazy-class or a non-lazy-class 

                Code: class LRUCache(cachetools.LRUCache[_K, _V]):

def __init__(self, capacity: float, getsizeof: Callable[[_V], float] | None=None):
    super().__init__(capacity, getsizeof)
    self.pinned_items = set[_K]()
    self._hits = 0
    self._total = 0
    self._last_info = CacheInfo(hits=0, total=0)

def __getitem__(self, key: _K, *, update_info: bool=True) -> _V:
    value = super().__getitem__(key)
    if update_info:
        self._hits += 1
        self._total += 1
    return value

def __delitem__(self, key: _K) -> None:
    run_on_remove = key in self
    value = self.__getitem__(key, update_info=False)
    super().__delitem__(key)
    if key in self.pinned_items:
        self._unpin(key)
    if run_on_remove:
        self._on_remove(key, value)

@property
def cache(self) -> Mapping[_K, _V]:
    """"""Return the internal cache dictionary in order (read-only).""""""
    return _MappingOrderCacheView(self._Cache__data, self.order)

@property
def order(self) -> Mapping[_K, None]:
    """"""Return the internal order dictionary (read-only).""""""
    return MappingProxyType(self._LRUCache__order)

@property
def capacity(self) -> float:
    return self.maxsize

@property
def usage(self) -> float:
    if self.maxsize == 0:
        return 0
    return self.currsize / self.maxsize

def stat(self, *, delta: bool=False) -> CacheInfo:
    """"""
    Gets the cumulative number of hits and queries against this cache.

    If `delta=True`, instead gets these statistics
    since the last call that also passed `delta=True`.
    """"""
    info = CacheInfo(hits=self._hits, total=self._total)
    if delta:
        info_delta = info - self._last_info
        self._last_info = info
        info = info_delta
    return info

def touch(self, key: _K) -> None:
    try:
        self._LRUCache__order.move_to_end(key)
    except KeyError:
        self._LRUCache__order[key] = None

@overload
def get(self, key: _K, /) -> _V | None:
    ...

@overload
def get(self, key: _K, /, default: _V | _T) -> _V | _T:
    ...

def get(self, key: _K, /, default: _V | _T | None=None) -> _V | _T | None:
    value: _V | _T | None
    if key in self:
        value = self.__getitem__(key, update_info=False)
        self._hits += 1
    else:
        value = default
    self._total += 1
    return value

@overload
def pop(self, key: _K) -> _V:
    ...

@overload
def pop(self, key: _K, default: _V | _T) -> _V | _T:
    ...

def pop(self, key: _K, default: _V | _T | None=None) -> _V | _T | None:
    value: _V | _T | None
    if key not in self:
        return default
    value = self.__getitem__(key, update_info=False)
    self.__delitem__(key)
    return value

def put(self, key: _K, value: _V) -> None:
    self.__setitem__(key, value)

def pin(self, key: _K) -> None:
    """"""
    Pins a key in the cache preventing it from being
    evicted in the LRU order.
    """"""
    if key not in self:
        raise ValueError(f'Cannot pin key: {key} not in cache.')
    self.pinned_items.add(key)

def _unpin(self, key: _K) -> None:
    """"""
    Unpins a key in the cache allowing it to be
    evicted in the LRU order.
    """"""
    self.pinned_items.remove(key)

def _on_remove(self, key: _K, value: _V | None) -> None:
    pass

def remove_oldest(self, *, remove_pinned: bool=False) -> None:
    if len(self) == 0:
        return
    self.popitem(remove_pinned=remove_pinned)

def _remove_old_if_needed(self) -> None:
    while self.currsize > self.capacity:
        self.remove_oldest()

def popitem(self, remove_pinned: bool=False):
    """"""Remove and return the `(key, value)` pair least recently used.""""""
    if not remove_pinned:
        lru_key = next((key for key in self.order if key not in self.pinned_items), ALL_PINNED_SENTINEL)
        if lru_key is ALL_PINNED_SENTINEL:
            raise RuntimeError('All items are pinned, cannot remove oldest from the cache.')
    else:
        lru_key = next(iter(self.order))
    value = self.pop(cast(_K, lru_key))
    return (lru_key, value)

def clear(self) -> None:
    while len(self) > 0:
        self.remove_oldest(remove_pinned=True)
    self._hits = 0
    self._total = 0
    self._last_info = CacheInfo(hits=0, total=0)

                return the result as one of the following JSONs: {{""smell_type"":""lazy class""}} OR {{""smell_type"":""non-lazy class""}} AND {""explanation"":""your explication about this code""}
",False,"{""raw"": {""-"": {""loc"": 147, ""lloc"": 115, ""sloc"": 107, ""comments"": 0, ""multi"": 13, ""blank"": 24, ""single_comments"": 3}}, ""cc"": {""-"": [{""type"": ""method"", ""rank"": ""A"", ""endline"": 140, ""name"": ""popitem"", ""complexity"": 5, ""classname"": ""LRUCache"", ""col_offset"": 4, ""lineno"": 131, ""closures"": []}, {""type"": ""method"", ""rank"": ""A"", ""endline"": 24, ""name"": ""__delitem__"", ""complexity"": 3, ""classname"": ""LRUCache"", ""col_offset"": 4, ""lineno"": 17, ""closures"": []}, {""type"": ""class"", ""rank"": ""A"", ""endline"": 147, ""name"": ""LRUCache"", ""complexity"": 2, ""col_offset"": 0, ""lineno"": 1, ""methods"": [{""type"": ""method"", ""rank"": ""A"", ""endline"": 8, ""name"": ""__init__"", ""complexity"": 1, ""classname"": ""LRUCache"", ""col_offset"": 4, ""lineno"": 3, ""closures"": []}, {""type"": ""method"", ""rank"": ""A"", ""endline"": 15, ""name"": ""__getitem__"", ""complexity"": 2, ""classname"": ""LRUCache"", ""col_offset"": 4, ""lineno"": 10, ""closures"": []}, {""type"": ""method"", ""rank"": ""A"", ""endline"": 24, ""name"": ""__delitem__"", ""complexity"": 3, ""classname"": ""LRUCache"", ""col_offset"": 4, ""lineno"": 17, ""closures"": []}, {""type"": ""method"", ""rank"": ""A"", ""endline"": 29, ""name"": ""cache"", ""complexity"": 1, ""classname"": ""LRUCache"", ""col_offset"": 4, ""lineno"": 27, ""closures"": []}, {""type"": ""method"", ""rank"": ""A"", ""endline"": 34, ""name"": ""order"", ""complexity"": 1, ""classname"": ""LRUCache"", ""col_offset"": 4, ""lineno"": 32, ""closures"": []}, {""type"": ""method"", ""rank"": ""A"", ""endline"": 38, ""name"": ""capacity"", ""complexity"": 1, ""classname"": ""LRUCache"", ""col_offset"": 4, ""lineno"": 37, ""closures"": []}, {""type"": ""method"", ""rank"": ""A"", ""endline"": 44, ""name"": ""usage"", ""complexity"": 2, ""classname"": ""LRUCache"", ""col_offset"": 4, ""lineno"": 41, ""closures"": []}, {""type"": ""method"", ""rank"": ""A"", ""endline"": 58, ""name"": ""stat"", ""complexity"": 2, ""classname"": ""LRUCache"", ""col_offset"": 4, ""lineno"": 46, ""closures"": []}, {""type"": ""method"", ""rank"": ""A"", ""endline"": 64, ""name"": ""touch"", ""complexity"": 2, ""classname"": ""LRUCache"", ""col_offset"": 4, ""lineno"": 60, ""closures"": []}, {""type"": ""method"", ""rank"": ""A"", ""endline"": 68, ""name"": ""get"", ""complexity"": 1, ""classname"": ""LRUCache"", ""col_offset"": 4, ""lineno"": 67, ""closures"": []}, {""type"": ""method"", ""rank"": ""A"", ""endline"": 72, ""name"": ""get"", ""complexity"": 1, ""classname"": ""LRUCache"", ""col_offset"": 4, ""lineno"": 71, ""closures"": []}, {""type"": ""method"", ""rank"": ""A"", ""endline"": 82, ""name"": ""get"", ""complexity"": 2, ""classname"": ""LRUCache"", ""col_offset"": 4, ""lineno"": 74, ""closures"": []}, {""type"": ""method"", ""rank"": ""A"", ""endline"": 86, ""name"": ""pop"", ""complexity"": 1, ""classname"": ""LRUCache"", ""col_offset"": 4, ""lineno"": 85, ""closures"": []}, {""type"": ""method"", ""rank"": ""A"", ""endline"": 90, ""name"": ""pop"", ""complexity"": 1, ""classname"": ""LRUCache"", ""col_offset"": 4, ""lineno"": 89, ""closures"": []}, {""type"": ""method"", ""rank"": ""A"", ""endline"": 98, ""name"": ""pop"", ""complexity"": 2, ""classname"": ""LRUCache"", ""col_offset"": 4, ""lineno"": 92, ""closures"": []}, {""type"": ""method"", ""rank"": ""A"", ""endline"": 101, ""name"": ""put"", ""complexity"": 1, ""classname"": ""LRUCache"", ""col_offset"": 4, ""lineno"": 100, ""closures"": []}, {""type"": ""method"", ""rank"": ""A"", ""endline"": 110, ""name"": ""pin"", ""complexity"": 2, ""classname"": ""LRUCache"", ""col_offset"": 4, ""lineno"": 103, ""closures"": []}, {""type"": ""method"", ""rank"": ""A"", ""endline"": 117, ""name"": ""_unpin"", ""complexity"": 1, ""classname"": ""LRUCache"", ""col_offset"": 4, ""lineno"": 112, ""closures"": []}, {""type"": ""method"", ""rank"": ""A"", ""endline"": 120, ""name"": ""_on_remove"", ""complexity"": 1, ""classname"": ""LRUCache"", ""col_offset"": 4, ""lineno"": 119, ""closures"": []}, {""type"": ""method"", ""rank"": ""A"", ""endline"": 125, ""name"": ""remove_oldest"", ""complexity"": 2, ""classname"": ""LRUCache"", ""col_offset"": 4, ""lineno"": 122, ""closures"": []}, {""type"": ""method"", ""rank"": ""A"", ""endline"": 129, ""name"": ""_remove_old_if_needed"", ""complexity"": 2, ""classname"": ""LRUCache"", ""col_offset"": 4, ""lineno"": 127, ""closures"": []}, {""type"": ""method"", ""rank"": ""A"", ""endline"": 140, ""name"": ""popitem"", ""complexity"": 5, ""classname"": ""LRUCache"", ""col_offset"": 4, ""lineno"": 131, ""closures"": []}, {""type"": ""method"", ""rank"": ""A"", ""endline"": 147, ""name"": ""clear"", ""complexity"": 2, ""classname"": ""LRUCache"", ""col_offset"": 4, ""lineno"": 142, ""closures"": []}]}, {""type"": ""method"", ""rank"": ""A"", ""endline"": 15, ""name"": ""__getitem__"", ""complexity"": 2, ""classname"": ""LRUCache"", ""col_offset"": 4, ""lineno"": 10, ""closures"": []}, {""type"": ""method"", ""rank"": ""A"", ""endline"": 44, ""name"": ""usage"", ""complexity"": 2, ""classname"": ""LRUCache"", ""col_offset"": 4, ""lineno"": 41, ""closures"": []}, {""type"": ""method"", ""rank"": ""A"", ""endline"": 58, ""name"": ""stat"", ""complexity"": 2, ""classname"": ""LRUCache"", ""col_offset"": 4, ""lineno"": 46, ""closures"": []}, {""type"": ""method"", ""rank"": ""A"", ""endline"": 64, ""name"": ""touch"", ""complexity"": 2, ""classname"": ""LRUCache"", ""col_offset"": 4, ""lineno"": 60, ""closures"": []}, {""type"": ""method"", ""rank"": ""A"", ""endline"": 82, ""name"": ""get"", ""complexity"": 2, ""classname"": ""LRUCache"", ""col_offset"": 4, ""lineno"": 74, ""closures"": []}, {""type"": ""method"", ""rank"": ""A"", ""endline"": 98, ""name"": ""pop"", ""complexity"": 2, ""classname"": ""LRUCache"", ""col_offset"": 4, ""lineno"": 92, ""closures"": []}, {""type"": ""method"", ""rank"": ""A"", ""endline"": 110, ""name"": ""pin"", ""complexity"": 2, ""classname"": ""LRUCache"", ""col_offset"": 4, ""lineno"": 103, ""closures"": []}, {""type"": ""method"", ""rank"": ""A"", ""endline"": 125, ""name"": ""remove_oldest"", ""complexity"": 2, ""classname"": ""LRUCache"", ""col_offset"": 4, ""lineno"": 122, ""closures"": []}, {""type"": ""method"", ""rank"": ""A"", ""endline"": 129, ""name"": ""_remove_old_if_needed"", ""complexity"": 2, ""classname"": ""LRUCache"", ""col_offset"": 4, ""lineno"": 127, ""closures"": []}, {""type"": ""method"", ""rank"": ""A"", ""endline"": 147, ""name"": ""clear"", ""complexity"": 2, ""classname"": ""LRUCache"", ""col_offset"": 4, ""lineno"": 142, ""closures"": []}, {""type"": ""method"", ""rank"": ""A"", ""endline"": 8, ""name"": ""__init__"", ""complexity"": 1, ""classname"": ""LRUCache"", ""col_offset"": 4, ""lineno"": 3, ""closures"": []}, {""type"": ""method"", ""rank"": ""A"", ""endline"": 29, ""name"": ""cache"", ""complexity"": 1, ""classname"": ""LRUCache"", ""col_offset"": 4, ""lineno"": 27, ""closures"": []}, {""type"": ""method"", ""rank"": ""A"", ""endline"": 34, ""name"": ""order"", ""complexity"": 1, ""classname"": ""LRUCache"", ""col_offset"": 4, ""lineno"": 32, ""closures"": []}, {""type"": ""method"", ""rank"": ""A"", ""endline"": 38, ""name"": ""capacity"", ""complexity"": 1, ""classname"": ""LRUCache"", ""col_offset"": 4, ""lineno"": 37, ""closures"": []}, {""type"": ""method"", ""rank"": ""A"", ""endline"": 68, ""name"": ""get"", ""complexity"": 1, ""classname"": ""LRUCache"", ""col_offset"": 4, ""lineno"": 67, ""closures"": []}, {""type"": ""method"", ""rank"": ""A"", ""endline"": 72, ""name"": ""get"", ""complexity"": 1, ""classname"": ""LRUCache"", ""col_offset"": 4, ""lineno"": 71, ""closures"": []}, {""type"": ""method"", ""rank"": ""A"", ""endline"": 86, ""name"": ""pop"", ""complexity"": 1, ""classname"": ""LRUCache"", ""col_offset"": 4, ""lineno"": 85, ""closures"": []}, {""type"": ""method"", ""rank"": ""A"", ""endline"": 90, ""name"": ""pop"", ""complexity"": 1, ""classname"": ""LRUCache"", ""col_offset"": 4, ""lineno"": 89, ""closures"": []}, {""type"": ""method"", ""rank"": ""A"", ""endline"": 101, ""name"": ""put"", ""complexity"": 1, ""classname"": ""LRUCache"", ""col_offset"": 4, ""lineno"": 100, ""closures"": []}, {""type"": ""method"", ""rank"": ""A"", ""endline"": 117, ""name"": ""_unpin"", ""complexity"": 1, ""classname"": ""LRUCache"", ""col_offset"": 4, ""lineno"": 112, ""closures"": []}, {""type"": ""method"", ""rank"": ""A"", ""endline"": 120, ""name"": ""_on_remove"", ""complexity"": 1, ""classname"": ""LRUCache"", ""col_offset"": 4, ""lineno"": 119, ""closures"": []}]}, ""mi"": {""-"": {""mi"": 51.056661517662036, ""rank"": ""A""}}, ""hal"": {""-"": {""total"": {""h1"": 10, ""h2"": 39, ""N1"": 22, ""N2"": 43, ""vocabulary"": 49, ""length"": 65, ""calculated_length"": 239.34996748450132, ""volume"": 364.95613986748856, ""difficulty"": 5.512820512820513, ""effort"": 2011.9376941412831, ""time"": 111.7743163411824, ""bugs"": 0.1216520466224962}, ""functions"": {""__init__"": {""h1"": 0, ""h2"": 0, ""N1"": 0, ""N2"": 0, ""vocabulary"": 0, ""length"": 0, ""calculated_length"": 0, ""volume"": 0, ""difficulty"": 0, ""effort"": 0, ""time"": 0.0, ""bugs"": 0.0}, ""__getitem__"": {""h1"": 1, ""h2"": 3, ""N1"": 2, ""N2"": 4, ""vocabulary"": 4, ""length"": 6, ""calculated_length"": 4.754887502163469, ""volume"": 12.0, ""difficulty"": 0.6666666666666666, ""effort"": 8.0, ""time"": 0.4444444444444444, ""bugs"": 0.004}, ""__delitem__"": {""h1"": 1, ""h2"": 3, ""N1"": 2, ""N2"": 4, ""vocabulary"": 4, ""length"": 6, ""calculated_length"": 4.754887502163469, ""volume"": 12.0, ""difficulty"": 0.6666666666666666, ""effort"": 8.0, ""time"": 0.4444444444444444, ""bugs"": 0.004}, ""cache"": {""h1"": 0, ""h2"": 0, ""N1"": 0, ""N2"": 0, ""vocabulary"": 0, ""length"": 0, ""calculated_length"": 0, ""volume"": 0, ""difficulty"": 0, ""effort"": 0, ""time"": 0.0, ""bugs"": 0.0}, ""order"": {""h1"": 0, ""h2"": 0, ""N1"": 0, ""N2"": 0, ""vocabulary"": 0, ""length"": 0, ""calculated_length"": 0, ""volume"": 0, ""difficulty"": 0, ""effort"": 0, ""time"": 0.0, ""bugs"": 0.0}, ""capacity"": {""h1"": 0, ""h2"": 0, ""N1"": 0, ""N2"": 0, ""vocabulary"": 0, ""length"": 0, ""calculated_length"": 0, ""volume"": 0, ""difficulty"": 0, ""effort"": 0, ""time"": 0.0, ""bugs"": 0.0}, ""usage"": {""h1"": 2, ""h2"": 3, ""N1"": 2, ""N2"": 4, ""vocabulary"": 5, ""length"": 6, ""calculated_length"": 6.754887502163469, ""volume"": 13.931568569324174, ""difficulty"": 1.3333333333333333, ""effort"": 18.575424759098897, ""time"": 1.0319680421721609, ""bugs"": 0.004643856189774725}, ""stat"": {""h1"": 1, ""h2"": 2, ""N1"": 1, ""N2"": 2, ""vocabulary"": 3, ""length"": 3, ""calculated_length"": 2.0, ""volume"": 4.754887502163469, ""difficulty"": 0.5, ""effort"": 2.3774437510817346, ""time"": 0.1320802083934297, ""bugs"": 0.0015849625007211565}, ""touch"": {""h1"": 0, ""h2"": 0, ""N1"": 0, ""N2"": 0, ""vocabulary"": 0, ""length"": 0, ""calculated_length"": 0, ""volume"": 0, ""difficulty"": 0, ""effort"": 0, ""time"": 0.0, ""bugs"": 0.0}, ""get"": {""h1"": 3, ""h2"": 9, ""N1"": 5, ""N2"": 10, ""vocabulary"": 12, ""length"": 15, ""calculated_length"": 33.28421251514428, ""volume"": 53.77443751081735, ""difficulty"": 1.6666666666666667, ""effort"": 89.62406251802892, ""time"": 4.9791145843349405, ""bugs"": 0.017924812503605784}, ""pop"": {""h1"": 2, ""h2"": 6, ""N1"": 3, ""N2"": 6, ""vocabulary"": 8, ""length"": 9, ""calculated_length"": 17.509775004326936, ""volume"": 27.0, ""difficulty"": 1.0, ""effort"": 27.0, ""time"": 1.5, ""bugs"": 0.009}, ""put"": {""h1"": 0, ""h2"": 0, ""N1"": 0, ""N2"": 0, ""vocabulary"": 0, ""length"": 0, ""calculated_length"": 0, ""volume"": 0, ""difficulty"": 0, ""effort"": 0, ""time"": 0.0, ""bugs"": 0.0}, ""pin"": {""h1"": 1, ""h2"": 2, ""N1"": 1, ""N2"": 2, ""vocabulary"": 3, ""length"": 3, ""calculated_length"": 2.0, ""volume"": 4.754887502163469, ""difficulty"": 0.5, ""effort"": 2.3774437510817346, ""time"": 0.1320802083934297, ""bugs"": 0.0015849625007211565}, ""_unpin"": {""h1"": 0, ""h2"": 0, ""N1"": 0, ""N2"": 0, ""vocabulary"": 0, ""length"": 0, ""calculated_length"": 0, ""volume"": 0, ""difficulty"": 0, ""effort"": 0, ""time"": 0.0, ""bugs"": 0.0}, ""_on_remove"": {""h1"": 0, ""h2"": 0, ""N1"": 0, ""N2"": 0, ""vocabulary"": 0, ""length"": 0, ""calculated_length"": 0, ""volume"": 0, ""difficulty"": 0, ""effort"": 0, ""time"": 0.0, ""bugs"": 0.0}, ""remove_oldest"": {""h1"": 1, ""h2"": 2, ""N1"": 1, ""N2"": 2, ""vocabulary"": 3, ""length"": 3, ""calculated_length"": 2.0, ""volume"": 4.754887502163469, ""difficulty"": 0.5, ""effort"": 2.3774437510817346, ""time"": 0.1320802083934297, ""bugs"": 0.0015849625007211565}, ""_remove_old_if_needed"": {""h1"": 1, ""h2"": 2, ""N1"": 1, ""N2"": 2, ""vocabulary"": 3, ""length"": 3, ""calculated_length"": 2.0, ""volume"": 4.754887502163469, ""difficulty"": 0.5, ""effort"": 2.3774437510817346, ""time"": 0.1320802083934297, ""bugs"": 0.0015849625007211565}, ""popitem"": {""h1"": 3, ""h2"": 5, ""N1"": 3, ""N2"": 5, ""vocabulary"": 8, ""length"": 8, ""calculated_length"": 16.36452797660028, ""volume"": 24.0, ""difficulty"": 1.5, ""effort"": 36.0, ""time"": 2.0, ""bugs"": 0.008}, ""clear"": {""h1"": 1, ""h2"": 2, ""N1"": 1, ""N2"": 2, ""vocabulary"": 3, ""length"": 3, ""calculated_length"": 2.0, ""volume"": 4.754887502163469, ""difficulty"": 0.5, ""effort"": 2.3774437510817346, ""time"": 0.1320802083934297, ""bugs"": 0.0015849625007211565}}}}}",2026-03-22T01:52:55.294974,0
906bf762-33de-495a-a4b3-4f8421df6040,non-lazy class,"This class, named Node, is not considered a lazy class. It has an initializer method (__init__) that sets the attributes of the object and does not rely on external resources for its initialization. The methods out(), set_input(), get_input(), set_override_display_Id(), and serialize() are used to manipulate the object's state, which is a common behavior in non-lazy classes.",v092__comfyui__node__247b7277789b310a__20260318_230846_936068.py,mistral:latest,python,Node,,lazy-class,"class Node:

    def __init__(self, id, class_type, inputs):
        self.id = id
        self.class_type = class_type
        self.inputs = inputs
        self.override_display_id = None

    def out(self, index):
        return [self.id, index]

    def set_input(self, key, value):
        if value is None:
            if key in self.inputs:
                del self.inputs[key]
        else:
            self.inputs[key] = value

    def get_input(self, key):
        return self.inputs.get(key)

    def set_override_display_id(self, override_display_id):
        self.override_display_id = override_display_id

    def serialize(self):
        serialized = {'class_type': self.class_type, 'inputs': self.inputs}
        if self.override_display_id is not None:
            serialized['override_display_id'] = self.override_display_id
        return serialized",zero-shot,"
                Classify the code as a lazy-class or a non-lazy-class 

                Code: class Node:

def __init__(self, id, class_type, inputs):
    self.id = id
    self.class_type = class_type
    self.inputs = inputs
    self.override_display_id = None

def out(self, index):
    return [self.id, index]

def set_input(self, key, value):
    if value is None:
        if key in self.inputs:
            del self.inputs[key]
    else:
        self.inputs[key] = value

def get_input(self, key):
    return self.inputs.get(key)

def set_override_display_id(self, override_display_id):
    self.override_display_id = override_display_id

def serialize(self):
    serialized = {'class_type': self.class_type, 'inputs': self.inputs}
    if self.override_display_id is not None:
        serialized['override_display_id'] = self.override_display_id
    return serialized

                return the result as one of the following JSONs: {{""smell_type"":""lazy class""}} OR {{""smell_type"":""non-lazy class""}} AND {""explanation"":""your explication about this code""}
",False,"{""raw"": {""-"": {""loc"": 29, ""lloc"": 24, ""sloc"": 23, ""comments"": 0, ""multi"": 0, ""blank"": 6, ""single_comments"": 0}}, ""cc"": {""-"": [{""type"": ""method"", ""rank"": ""A"", ""name"": ""set_input"", ""endline"": 17, ""lineno"": 12, ""classname"": ""Node"", ""col_offset"": 4, ""complexity"": 3, ""closures"": []}, {""type"": ""class"", ""rank"": ""A"", ""name"": ""Node"", ""endline"": 29, ""lineno"": 1, ""col_offset"": 0, ""complexity"": 2, ""methods"": [{""type"": ""method"", ""rank"": ""A"", ""name"": ""__init__"", ""endline"": 7, ""lineno"": 3, ""classname"": ""Node"", ""col_offset"": 4, ""complexity"": 1, ""closures"": []}, {""type"": ""method"", ""rank"": ""A"", ""name"": ""out"", ""endline"": 10, ""lineno"": 9, ""classname"": ""Node"", ""col_offset"": 4, ""complexity"": 1, ""closures"": []}, {""type"": ""method"", ""rank"": ""A"", ""name"": ""set_input"", ""endline"": 17, ""lineno"": 12, ""classname"": ""Node"", ""col_offset"": 4, ""complexity"": 3, ""closures"": []}, {""type"": ""method"", ""rank"": ""A"", ""name"": ""get_input"", ""endline"": 20, ""lineno"": 19, ""classname"": ""Node"", ""col_offset"": 4, ""complexity"": 1, ""closures"": []}, {""type"": ""method"", ""rank"": ""A"", ""name"": ""set_override_display_id"", ""endline"": 23, ""lineno"": 22, ""classname"": ""Node"", ""col_offset"": 4, ""complexity"": 1, ""closures"": []}, {""type"": ""method"", ""rank"": ""A"", ""name"": ""serialize"", ""endline"": 29, ""lineno"": 25, ""classname"": ""Node"", ""col_offset"": 4, ""complexity"": 2, ""closures"": []}]}, {""type"": ""method"", ""rank"": ""A"", ""name"": ""serialize"", ""endline"": 29, ""lineno"": 25, ""classname"": ""Node"", ""col_offset"": 4, ""complexity"": 2, ""closures"": []}, {""type"": ""method"", ""rank"": ""A"", ""name"": ""__init__"", ""endline"": 7, ""lineno"": 3, ""classname"": ""Node"", ""col_offset"": 4, ""complexity"": 1, ""closures"": []}, {""type"": ""method"", ""rank"": ""A"", ""name"": ""out"", ""endline"": 10, ""lineno"": 9, ""classname"": ""Node"", ""col_offset"": 4, ""complexity"": 1, ""closures"": []}, {""type"": ""method"", ""rank"": ""A"", ""name"": ""get_input"", ""endline"": 20, ""lineno"": 19, ""classname"": ""Node"", ""col_offset"": 4, ""complexity"": 1, ""closures"": []}, {""type"": ""method"", ""rank"": ""A"", ""name"": ""set_override_display_id"", ""endline"": 23, ""lineno"": 22, ""classname"": ""Node"", ""col_offset"": 4, ""complexity"": 1, ""closures"": []}]}, ""mi"": {""-"": {""mi"": 58.35712217349224, ""rank"": ""A""}}, ""hal"": {""-"": {""total"": {""h1"": 3, ""h2"": 6, ""N1"": 3, ""N2"": 6, ""vocabulary"": 9, ""length"": 9, ""calculated_length"": 20.264662506490406, ""volume"": 28.529325012980813, ""difficulty"": 1.5, ""effort"": 42.793987519471216, ""time"": 2.377443751081734, ""bugs"": 0.009509775004326938}, ""functions"": {""__init__"": {""h1"": 0, ""h2"": 0, ""N1"": 0, ""N2"": 0, ""vocabulary"": 0, ""length"": 0, ""calculated_length"": 0, ""volume"": 0, ""difficulty"": 0, ""effort"": 0, ""time"": 0.0, ""bugs"": 0.0}, ""out"": {""h1"": 0, ""h2"": 0, ""N1"": 0, ""N2"": 0, ""vocabulary"": 0, ""length"": 0, ""calculated_length"": 0, ""volume"": 0, ""difficulty"": 0, ""effort"": 0, ""time"": 0.0, ""bugs"": 0.0}, ""set_input"": {""h1"": 2, ""h2"": 4, ""N1"": 2, ""N2"": 4, ""vocabulary"": 6, ""length"": 6, ""calculated_length"": 10.0, ""volume"": 15.509775004326936, ""difficulty"": 1.0, ""effort"": 15.509775004326936, ""time"": 0.861654166907052, ""bugs"": 0.005169925001442312}, ""get_input"": {""h1"": 0, ""h2"": 0, ""N1"": 0, ""N2"": 0, ""vocabulary"": 0, ""length"": 0, ""calculated_length"": 0, ""volume"": 0, ""difficulty"": 0, ""effort"": 0, ""time"": 0.0, ""bugs"": 0.0}, ""set_override_display_id"": {""h1"": 0, ""h2"": 0, ""N1"": 0, ""N2"": 0, ""vocabulary"": 0, ""length"": 0, ""calculated_length"": 0, ""volume"": 0, ""difficulty"": 0, ""effort"": 0, ""time"": 0.0, ""bugs"": 0.0}, ""serialize"": {""h1"": 1, ""h2"": 2, ""N1"": 1, ""N2"": 2, ""vocabulary"": 3, ""length"": 3, ""calculated_length"": 2.0, ""volume"": 4.754887502163469, ""difficulty"": 0.5, ""effort"": 2.3774437510817346, ""time"": 0.1320802083934297, ""bugs"": 0.0015849625007211565}}}}}",2026-03-22T01:52:47.107636,0
906bf762-33de-495a-a4b3-4f8421df6040,lazy class,"This class, LogInterceptor, is considered a lazy class because it overrides the write and flush methods of the TextIOWrapper class. The write method collects log entries in a buffer (self._logs_since_flush) instead of immediately writing them to the underlying stream. The flush method then clears this buffer and calls any registered callback functions (stored in self._flush_callbacks). This behavior allows for buffering and delayed processing, which can be considered lazy programming.",v092__comfyui__loginterceptor__1431965aff1f7379__20260318_230846_939682.py,mistral:latest,python,LogInterceptor,,lazy-class,"class LogInterceptor(io.TextIOWrapper):

    def __init__(self, stream, *args, **kwargs):
        buffer = stream.buffer
        encoding = stream.encoding
        super().__init__(buffer, *args, **kwargs, encoding=encoding, line_buffering=stream.line_buffering)
        self._lock = threading.Lock()
        self._flush_callbacks = []
        self._logs_since_flush = []

    def write(self, data):
        entry = {'t': datetime.now().isoformat(), 'm': data}
        with self._lock:
            self._logs_since_flush.append(entry)
            if isinstance(data, str) and data.startswith('\r') and (not logs[-1]['m'].endswith('\n')):
                logs.pop()
            logs.append(entry)
        super().write(data)

    def flush(self):
        super().flush()
        for cb in self._flush_callbacks:
            cb(self._logs_since_flush)
            self._logs_since_flush = []

    def on_flush(self, callback):
        self._flush_callbacks.append(callback)",zero-shot,"
                Classify the code as a lazy-class or a non-lazy-class 

                Code: class LogInterceptor(io.TextIOWrapper):

def __init__(self, stream, *args, **kwargs):
    buffer = stream.buffer
    encoding = stream.encoding
    super().__init__(buffer, *args, **kwargs, encoding=encoding, line_buffering=stream.line_buffering)
    self._lock = threading.Lock()
    self._flush_callbacks = []
    self._logs_since_flush = []

def write(self, data):
    entry = {'t': datetime.now().isoformat(), 'm': data}
    with self._lock:
        self._logs_since_flush.append(entry)
        if isinstance(data, str) and data.startswith('\r') and (not logs[-1]['m'].endswith('\n')):
            logs.pop()
        logs.append(entry)
    super().write(data)

def flush(self):
    super().flush()
    for cb in self._flush_callbacks:
        cb(self._logs_since_flush)
        self._logs_since_flush = []

def on_flush(self, callback):
    self._flush_callbacks.append(callback)

                return the result as one of the following JSONs: {{""smell_type"":""lazy class""}} OR {{""smell_type"":""non-lazy class""}} AND {""explanation"":""your explication about this code""}
",False,"{""raw"": {""-"": {""loc"": 27, ""lloc"": 24, ""sloc"": 23, ""comments"": 0, ""multi"": 0, ""blank"": 4, ""single_comments"": 0}}, ""cc"": {""-"": [{""type"": ""method"", ""rank"": ""A"", ""endline"": 18, ""name"": ""write"", ""classname"": ""LogInterceptor"", ""col_offset"": 4, ""complexity"": 4, ""lineno"": 11, ""closures"": []}, {""type"": ""class"", ""rank"": ""A"", ""endline"": 27, ""name"": ""LogInterceptor"", ""col_offset"": 0, ""complexity"": 3, ""lineno"": 1, ""methods"": [{""type"": ""method"", ""rank"": ""A"", ""endline"": 9, ""name"": ""__init__"", ""classname"": ""LogInterceptor"", ""col_offset"": 4, ""complexity"": 1, ""lineno"": 3, ""closures"": []}, {""type"": ""method"", ""rank"": ""A"", ""endline"": 18, ""name"": ""write"", ""classname"": ""LogInterceptor"", ""col_offset"": 4, ""complexity"": 4, ""lineno"": 11, ""closures"": []}, {""type"": ""method"", ""rank"": ""A"", ""endline"": 24, ""name"": ""flush"", ""classname"": ""LogInterceptor"", ""col_offset"": 4, ""complexity"": 2, ""lineno"": 20, ""closures"": []}, {""type"": ""method"", ""rank"": ""A"", ""endline"": 27, ""name"": ""on_flush"", ""classname"": ""LogInterceptor"", ""col_offset"": 4, ""complexity"": 1, ""lineno"": 26, ""closures"": []}]}, {""type"": ""method"", ""rank"": ""A"", ""endline"": 24, ""name"": ""flush"", ""classname"": ""LogInterceptor"", ""col_offset"": 4, ""complexity"": 2, ""lineno"": 20, ""closures"": []}, {""type"": ""method"", ""rank"": ""A"", ""endline"": 9, ""name"": ""__init__"", ""classname"": ""LogInterceptor"", ""col_offset"": 4, ""complexity"": 1, ""lineno"": 3, ""closures"": []}, {""type"": ""method"", ""rank"": ""A"", ""endline"": 27, ""name"": ""on_flush"", ""classname"": ""LogInterceptor"", ""col_offset"": 4, ""complexity"": 1, ""lineno"": 26, ""closures"": []}]}, ""mi"": {""-"": {""mi"": 59.01733802956372, ""rank"": ""A""}}, ""hal"": {""-"": {""total"": {""h1"": 3, ""h2"": 5, ""N1"": 3, ""N2"": 5, ""vocabulary"": 8, ""length"": 8, ""calculated_length"": 16.36452797660028, ""volume"": 24.0, ""difficulty"": 1.5, ""effort"": 36.0, ""time"": 2.0, ""bugs"": 0.008}, ""functions"": {""__init__"": {""h1"": 0, ""h2"": 0, ""N1"": 0, ""N2"": 0, ""vocabulary"": 0, ""length"": 0, ""calculated_length"": 0, ""volume"": 0, ""difficulty"": 0, ""effort"": 0, ""time"": 0.0, ""bugs"": 0.0}, ""write"": {""h1"": 3, ""h2"": 5, ""N1"": 3, ""N2"": 5, ""vocabulary"": 8, ""length"": 8, ""calculated_length"": 16.36452797660028, ""volume"": 24.0, ""difficulty"": 1.5, ""effort"": 36.0, ""time"": 2.0, ""bugs"": 0.008}, ""flush"": {""h1"": 0, ""h2"": 0, ""N1"": 0, ""N2"": 0, ""vocabulary"": 0, ""length"": 0, ""calculated_length"": 0, ""volume"": 0, ""difficulty"": 0, ""effort"": 0, ""time"": 0.0, ""bugs"": 0.0}, ""on_flush"": {""h1"": 0, ""h2"": 0, ""N1"": 0, ""N2"": 0, ""vocabulary"": 0, ""length"": 0, ""calculated_length"": 0, ""volume"": 0, ""difficulty"": 0, ""effort"": 0, ""time"": 0.0, ""bugs"": 0.0}}}}}",2026-03-22T01:52:48.203955,0
906bf762-33de-495a-a4b3-4f8421df6040,non-lazy class,"This class, CachingMetrics, is not considered a lazy class. It initializes its attributes during object creation and maintains them throughout the object's lifetime. The observe method updates the internal state of the object with new data, and the reset method resets this state. Therefore, it behaves more like an active or eager class rather than a lazy one.",0130__vllm__cachingmetrics__2e5f4e13ea5d4fd3__20260318_230846_942658.py,mistral:latest,python,CachingMetrics,,lazy-class,"class CachingMetrics:
    """"""Metrics for caching with a hit rate of the most recent N requests.
    Args:
        interval: The number of the most recent requests to aggregate.
            Defaults to 1000.
    """"""

    def __init__(self, max_recent_requests: int=1000) -> None:
        super().__init__()
        self.max_recent_requests = max_recent_requests
        self.aggregated_requests = 0
        self.aggregated_query_total = 0
        self.aggregated_query_hit = 0
        self.query_queue = deque[tuple[int, int, int]]()

    def observe(self, stats: BaseCacheStats):
        """"""Observe the prefix caching for a set of requests.

        This function is called with information gathered when new requests
        are being scheduled and are looking for computed blocks.

        When there are more than `max_recent_requests` requests, the oldest set
        of requests are removed from the metrics.

        Args:
            stats: The prefix cache stats.
        """"""
        if stats.reset:
            self.reset()
        if stats.requests == 0:
            return
        self.query_queue.append((stats.requests, stats.queries, stats.hits))
        self.aggregated_requests += stats.requests
        self.aggregated_query_total += stats.queries
        self.aggregated_query_hit += stats.hits
        while len(self.query_queue) > 1 and self.aggregated_requests > self.max_recent_requests:
            (old_requests, old_queries, old_hits) = self.query_queue.popleft()
            self.aggregated_requests -= old_requests
            self.aggregated_query_total -= old_queries
            self.aggregated_query_hit -= old_hits

    def reset(self):
        """"""Reset the metrics.""""""
        self.aggregated_requests = 0
        self.aggregated_query_total = 0
        self.aggregated_query_hit = 0
        self.query_queue.clear()

    @property
    def empty(self) -> bool:
        """"""Return true if no requests have been observed.""""""
        return self.aggregated_requests == 0

    @property
    def hit_rate(self) -> float:
        """"""Calculate the hit rate for the past N requests.""""""
        if self.aggregated_query_total == 0:
            return 0.0
        return self.aggregated_query_hit / self.aggregated_query_total",zero-shot,"
                Classify the code as a lazy-class or a non-lazy-class 

                Code: class CachingMetrics:
""""""Metrics for caching with a hit rate of the most recent N requests.
Args:
    interval: The number of the most recent requests to aggregate.
        Defaults to 1000.
""""""

def __init__(self, max_recent_requests: int=1000) -> None:
    super().__init__()
    self.max_recent_requests = max_recent_requests
    self.aggregated_requests = 0
    self.aggregated_query_total = 0
    self.aggregated_query_hit = 0
    self.query_queue = deque[tuple[int, int, int]]()

def observe(self, stats: BaseCacheStats):
    """"""Observe the prefix caching for a set of requests.

    This function is called with information gathered when new requests
    are being scheduled and are looking for computed blocks.

    When there are more than `max_recent_requests` requests, the oldest set
    of requests are removed from the metrics.

    Args:
        stats: The prefix cache stats.
    """"""
    if stats.reset:
        self.reset()
    if stats.requests == 0:
        return
    self.query_queue.append((stats.requests, stats.queries, stats.hits))
    self.aggregated_requests += stats.requests
    self.aggregated_query_total += stats.queries
    self.aggregated_query_hit += stats.hits
    while len(self.query_queue) > 1 and self.aggregated_requests > self.max_recent_requests:
        (old_requests, old_queries, old_hits) = self.query_queue.popleft()
        self.aggregated_requests -= old_requests
        self.aggregated_query_total -= old_queries
        self.aggregated_query_hit -= old_hits

def reset(self):
    """"""Reset the metrics.""""""
    self.aggregated_requests = 0
    self.aggregated_query_total = 0
    self.aggregated_query_hit = 0
    self.query_queue.clear()

@property
def empty(self) -> bool:
    """"""Return true if no requests have been observed.""""""
    return self.aggregated_requests == 0

@property
def hit_rate(self) -> float:
    """"""Calculate the hit rate for the past N requests.""""""
    if self.aggregated_query_total == 0:
        return 0.0
    return self.aggregated_query_hit / self.aggregated_query_total

                return the result as one of the following JSONs: {{""smell_type"":""lazy class""}} OR {{""smell_type"":""non-lazy class""}} AND {""explanation"":""your explication about this code""}
",False,"{""raw"": {""-"": {""loc"": 59, ""lloc"": 40, ""sloc"": 35, ""comments"": 0, ""multi"": 13, ""blank"": 8, ""single_comments"": 3}}, ""cc"": {""-"": [{""type"": ""method"", ""rank"": ""A"", ""lineno"": 16, ""col_offset"": 4, ""complexity"": 5, ""name"": ""observe"", ""classname"": ""CachingMetrics"", ""endline"": 40, ""closures"": []}, {""type"": ""class"", ""rank"": ""A"", ""lineno"": 1, ""col_offset"": 0, ""complexity"": 3, ""name"": ""CachingMetrics"", ""endline"": 59, ""methods"": [{""type"": ""method"", ""rank"": ""A"", ""lineno"": 8, ""col_offset"": 4, ""complexity"": 1, ""name"": ""__init__"", ""classname"": ""CachingMetrics"", ""endline"": 14, ""closures"": []}, {""type"": ""method"", ""rank"": ""A"", ""lineno"": 16, ""col_offset"": 4, ""complexity"": 5, ""name"": ""observe"", ""classname"": ""CachingMetrics"", ""endline"": 40, ""closures"": []}, {""type"": ""method"", ""rank"": ""A"", ""lineno"": 42, ""col_offset"": 4, ""complexity"": 1, ""name"": ""reset"", ""classname"": ""CachingMetrics"", ""endline"": 47, ""closures"": []}, {""type"": ""method"", ""rank"": ""A"", ""lineno"": 50, ""col_offset"": 4, ""complexity"": 1, ""name"": ""empty"", ""classname"": ""CachingMetrics"", ""endline"": 52, ""closures"": []}, {""type"": ""method"", ""rank"": ""A"", ""lineno"": 55, ""col_offset"": 4, ""complexity"": 2, ""name"": ""hit_rate"", ""classname"": ""CachingMetrics"", ""endline"": 59, ""closures"": []}]}, {""type"": ""method"", ""rank"": ""A"", ""lineno"": 55, ""col_offset"": 4, ""complexity"": 2, ""name"": ""hit_rate"", ""classname"": ""CachingMetrics"", ""endline"": 59, ""closures"": []}, {""type"": ""method"", ""rank"": ""A"", ""lineno"": 8, ""col_offset"": 4, ""complexity"": 1, ""name"": ""__init__"", ""classname"": ""CachingMetrics"", ""endline"": 14, ""closures"": []}, {""type"": ""method"", ""rank"": ""A"", ""lineno"": 42, ""col_offset"": 4, ""complexity"": 1, ""name"": ""reset"", ""classname"": ""CachingMetrics"", ""endline"": 47, ""closures"": []}, {""type"": ""method"", ""rank"": ""A"", ""lineno"": 50, ""col_offset"": 4, ""complexity"": 1, ""name"": ""empty"", ""classname"": ""CachingMetrics"", ""endline"": 52, ""closures"": []}]}, ""mi"": {""-"": {""mi"": 75.59027848768112, ""rank"": ""A""}}, ""hal"": {""-"": {""total"": {""h1"": 6, ""h2"": 20, ""N1"": 13, ""N2"": 26, ""vocabulary"": 26, ""length"": 39, ""calculated_length"": 101.94833690207419, ""volume"": 183.31714900750262, ""difficulty"": 3.9, ""effort"": 714.9368811292602, ""time"": 39.71871561829224, ""bugs"": 0.061105716335834205}, ""functions"": {""__init__"": {""h1"": 0, ""h2"": 0, ""N1"": 0, ""N2"": 0, ""vocabulary"": 0, ""length"": 0, ""calculated_length"": 0, ""volume"": 0, ""difficulty"": 0, ""effort"": 0, ""time"": 0.0, ""bugs"": 0.0}, ""observe"": {""h1"": 5, ""h2"": 15, ""N1"": 10, ""N2"": 20, ""vocabulary"": 20, ""length"": 30, ""calculated_length"": 70.2129994085646, ""volume"": 129.65784284662087, ""difficulty"": 3.3333333333333335, ""effort"": 432.19280948873626, ""time"": 24.010711638263125, ""bugs"": 0.043219280948873624}, ""reset"": {""h1"": 0, ""h2"": 0, ""N1"": 0, ""N2"": 0, ""vocabulary"": 0, ""length"": 0, ""calculated_length"": 0, ""volume"": 0, ""difficulty"": 0, ""effort"": 0, ""time"": 0.0, ""bugs"": 0.0}, ""empty"": {""h1"": 1, ""h2"": 2, ""N1"": 1, ""N2"": 2, ""vocabulary"": 3, ""length"": 3, ""calculated_length"": 2.0, ""volume"": 4.754887502163469, ""difficulty"": 0.5, ""effort"": 2.3774437510817346, ""time"": 0.1320802083934297, ""bugs"": 0.0015849625007211565}, ""hit_rate"": {""h1"": 2, ""h2"": 3, ""N1"": 2, ""N2"": 4, ""vocabulary"": 5, ""length"": 6, ""calculated_length"": 6.754887502163469, ""volume"": 13.931568569324174, ""difficulty"": 1.3333333333333333, ""effort"": 18.575424759098897, ""time"": 1.0319680421721609, ""bugs"": 0.004643856189774725}}}}}",2026-03-22T01:52:50.095482,0
906bf762-33de-495a-a4b3-4f8421df6040,non-lazy class,"This code represents a Django FormView, which is not considered lazy in the context of object-oriented programming. It inherits from RedirectURLMixin and FormView, and it overrides several methods to handle login actions. However, it doesn't exhibit any characteristics typically associated with lazy classes such as deferred initialization or on-demand computation.",v601__django__loginview__7d49fd62541f844b__20260318_230846_942969.py,mistral:latest,python,LoginView,,lazy-class,"class LoginView(RedirectURLMixin, FormView):
    """"""
    Display the login form and handle the login action.
    """"""
    form_class = AuthenticationForm
    authentication_form = None
    template_name = 'registration/login.html'
    redirect_authenticated_user = False
    extra_context = None

    def dispatch(self, request, *args, **kwargs):
        if self.redirect_authenticated_user and self.request.user.is_authenticated:
            redirect_to = self.get_success_url()
            if redirect_to == self.request.path:
                raise ValueError(""Redirection loop for authenticated user detected. Check that your LOGIN_REDIRECT_URL doesn't point to a login page."")
            return HttpResponseRedirect(redirect_to)
        return super().dispatch(request, *args, **kwargs)

    def get_default_redirect_url(self):
        """"""Return the default redirect URL.""""""
        if self.next_page:
            return resolve_url(self.next_page)
        else:
            return resolve_url(settings.LOGIN_REDIRECT_URL)

    def get_form_class(self):
        return self.authentication_form or self.form_class

    def get_form_kwargs(self):
        kwargs = super().get_form_kwargs()
        kwargs['request'] = self.request
        return kwargs

    def form_valid(self, form):
        """"""Security check complete. Log the user in.""""""
        auth_login(self.request, form.get_user())
        return HttpResponseRedirect(self.get_success_url())

    def get_context_data(self, **kwargs):
        context = super().get_context_data(**kwargs)
        current_site = get_current_site(self.request)
        context.update({self.redirect_field_name: self.get_redirect_url(), 'site': current_site, 'site_name': current_site.name, **(self.extra_context or {})})
        return context",zero-shot,"
                Classify the code as a lazy-class or a non-lazy-class 

                Code: class LoginView(RedirectURLMixin, FormView):
""""""
Display the login form and handle the login action.
""""""
form_class = AuthenticationForm
authentication_form = None
template_name = 'registration/login.html'
redirect_authenticated_user = False
extra_context = None

def dispatch(self, request, *args, **kwargs):
    if self.redirect_authenticated_user and self.request.user.is_authenticated:
        redirect_to = self.get_success_url()
        if redirect_to == self.request.path:
            raise ValueError(""Redirection loop for authenticated user detected. Check that your LOGIN_REDIRECT_URL doesn't point to a login page."")
        return HttpResponseRedirect(redirect_to)
    return super().dispatch(request, *args, **kwargs)

def get_default_redirect_url(self):
    """"""Return the default redirect URL.""""""
    if self.next_page:
        return resolve_url(self.next_page)
    else:
        return resolve_url(settings.LOGIN_REDIRECT_URL)

def get_form_class(self):
    return self.authentication_form or self.form_class

def get_form_kwargs(self):
    kwargs = super().get_form_kwargs()
    kwargs['request'] = self.request
    return kwargs

def form_valid(self, form):
    """"""Security check complete. Log the user in.""""""
    auth_login(self.request, form.get_user())
    return HttpResponseRedirect(self.get_success_url())

def get_context_data(self, **kwargs):
    context = super().get_context_data(**kwargs)
    current_site = get_current_site(self.request)
    context.update({self.redirect_field_name: self.get_redirect_url(), 'site': current_site, 'site_name': current_site.name, **(self.extra_context or {})})
    return context

                return the result as one of the following JSONs: {{""smell_type"":""lazy class""}} OR {{""smell_type"":""non-lazy class""}} AND {""explanation"":""your explication about this code""}
",False,"{""raw"": {""-"": {""loc"": 43, ""lloc"": 36, ""sloc"": 32, ""comments"": 0, ""multi"": 3, ""blank"": 6, ""single_comments"": 2}}, ""cc"": {""-"": [{""type"": ""method"", ""rank"": ""A"", ""col_offset"": 4, ""complexity"": 4, ""classname"": ""LoginView"", ""name"": ""dispatch"", ""endline"": 17, ""lineno"": 11, ""closures"": []}, {""type"": ""class"", ""rank"": ""A"", ""col_offset"": 0, ""complexity"": 3, ""name"": ""LoginView"", ""endline"": 43, ""lineno"": 1, ""methods"": [{""type"": ""method"", ""rank"": ""A"", ""col_offset"": 4, ""complexity"": 4, ""classname"": ""LoginView"", ""name"": ""dispatch"", ""endline"": 17, ""lineno"": 11, ""closures"": []}, {""type"": ""method"", ""rank"": ""A"", ""col_offset"": 4, ""complexity"": 2, ""classname"": ""LoginView"", ""name"": ""get_default_redirect_url"", ""endline"": 24, ""lineno"": 19, ""closures"": []}, {""type"": ""method"", ""rank"": ""A"", ""col_offset"": 4, ""complexity"": 2, ""classname"": ""LoginView"", ""name"": ""get_form_class"", ""endline"": 27, ""lineno"": 26, ""closures"": []}, {""type"": ""method"", ""rank"": ""A"", ""col_offset"": 4, ""complexity"": 1, ""classname"": ""LoginView"", ""name"": ""get_form_kwargs"", ""endline"": 32, ""lineno"": 29, ""closures"": []}, {""type"": ""method"", ""rank"": ""A"", ""col_offset"": 4, ""complexity"": 1, ""classname"": ""LoginView"", ""name"": ""form_valid"", ""endline"": 37, ""lineno"": 34, ""closures"": []}, {""type"": ""method"", ""rank"": ""A"", ""col_offset"": 4, ""complexity"": 2, ""classname"": ""LoginView"", ""name"": ""get_context_data"", ""endline"": 43, ""lineno"": 39, ""closures"": []}]}, {""type"": ""method"", ""rank"": ""A"", ""col_offset"": 4, ""complexity"": 2, ""classname"": ""LoginView"", ""name"": ""get_default_redirect_url"", ""endline"": 24, ""lineno"": 19, ""closures"": []}, {""type"": ""method"", ""rank"": ""A"", ""col_offset"": 4, ""complexity"": 2, ""classname"": ""LoginView"", ""name"": ""get_form_class"", ""endline"": 27, ""lineno"": 26, ""closures"": []}, {""type"": ""method"", ""rank"": ""A"", ""col_offset"": 4, ""complexity"": 2, ""classname"": ""LoginView"", ""name"": ""get_context_data"", ""endline"": 43, ""lineno"": 39, ""closures"": []}, {""type"": ""method"", ""rank"": ""A"", ""col_offset"": 4, ""complexity"": 1, ""classname"": ""LoginView"", ""name"": ""get_form_kwargs"", ""endline"": 32, ""lineno"": 29, ""closures"": []}, {""type"": ""method"", ""rank"": ""A"", ""col_offset"": 4, ""complexity"": 1, ""classname"": ""LoginView"", ""name"": ""form_valid"", ""endline"": 37, ""lineno"": 34, ""closures"": []}]}, ""mi"": {""-"": {""mi"": 70.30300754480662, ""rank"": ""A""}}, ""hal"": {""-"": {""total"": {""h1"": 3, ""h2"": 8, ""N1"": 4, ""N2"": 8, ""vocabulary"": 11, ""length"": 12, ""calculated_length"": 28.75488750216347, ""volume"": 41.51317942364757, ""difficulty"": 1.5, ""effort"": 62.26976913547136, ""time"": 3.4594316186372978, ""bugs"": 0.01383772647454919}, ""functions"": {""dispatch"": {""h1"": 2, ""h2"": 4, ""N1"": 2, ""N2"": 4, ""vocabulary"": 6, ""length"": 6, ""calculated_length"": 10.0, ""volume"": 15.509775004326936, ""difficulty"": 1.0, ""effort"": 15.509775004326936, ""time"": 0.861654166907052, ""bugs"": 0.005169925001442312}, ""get_default_redirect_url"": {""h1"": 0, ""h2"": 0, ""N1"": 0, ""N2"": 0, ""vocabulary"": 0, ""length"": 0, ""calculated_length"": 0, ""volume"": 0, ""difficulty"": 0, ""effort"": 0, ""time"": 0.0, ""bugs"": 0.0}, ""get_form_class"": {""h1"": 1, ""h2"": 2, ""N1"": 1, ""N2"": 2, ""vocabulary"": 3, ""length"": 3, ""calculated_length"": 2.0, ""volume"": 4.754887502163469, ""difficulty"": 0.5, ""effort"": 2.3774437510817346, ""time"": 0.1320802083934297, ""bugs"": 0.0015849625007211565}, ""get_form_kwargs"": {""h1"": 0, ""h2"": 0, ""N1"": 0, ""N2"": 0, ""vocabulary"": 0, ""length"": 0, ""calculated_length"": 0, ""volume"": 0, ""difficulty"": 0, ""effort"": 0, ""time"": 0.0, ""bugs"": 0.0}, ""form_valid"": {""h1"": 0, ""h2"": 0, ""N1"": 0, ""N2"": 0, ""vocabulary"": 0, ""length"": 0, ""calculated_length"": 0, ""volume"": 0, ""difficulty"": 0, ""effort"": 0, ""time"": 0.0, ""bugs"": 0.0}, ""get_context_data"": {""h1"": 1, ""h2"": 2, ""N1"": 1, ""N2"": 2, ""vocabulary"": 3, ""length"": 3, ""calculated_length"": 2.0, ""volume"": 4.754887502163469, ""difficulty"": 0.5, ""effort"": 2.3774437510817346, ""time"": 0.1320802083934297, ""bugs"": 0.0015849625007211565}}}}}",2026-03-22T01:52:51.063035,0
906bf762-33de-495a-a4b3-4f8421df6040,lazy class,"This code defines a wrapper class `DataProcessorTemplateWrapper` that encapsulates another class (`wrapped_template_cls`) and provides additional functionality such as preprocessing and postprocessing of data. The lazy nature comes from the fact that the wrapped class is only instantiated when the `generate()` method is called, which allows for deferred execution.",v291__pytorch__dataprocessortemplatewrapper__f0ceea0ae3f63b28__20260318_230846_941457.py,mistral:latest,python,DataProcessorTemplateWrapper,,lazy-class,"class DataProcessorTemplateWrapper:
    """"""
    A wrapper class for a kernel template.

    This class together with `DataProcessorChoiceCallerWrapper` provides a convenient way to
    preprocess and postprocess data before and after using the wrapped template. A typical
    usage is to reorder or filter the input nodes in order to match the expected input of other
    kernel choices like a ATen kernel. A more complicated usage is to prepack the weights.
    See the example from :mod:`cpp_gemm_template` for more details.
    """"""

    def __init__(self, wrapped_template_cls, preprocessor, postprocessor, **kwargs) -> None:
        if preprocessor is not None:
            self._preprocessor = preprocessor
        else:
            self._preprocessor = lambda x, y: (x, y)
        if postprocessor is not None:
            self._postprocessor = postprocessor
        else:
            self._postprocessor = lambda x: x
        assert 'input_nodes' in kwargs
        assert 'layout' in kwargs
        (kwargs['input_nodes'], kwargs['layout']) = preprocessor(kwargs['input_nodes'], kwargs['layout'])
        self._wrapped = wrapped_template_cls(**kwargs)

    def __getattr__(self, name):
        return getattr(self._wrapped, name)

    def maybe_append_choice(self, choices, **kwargs):
        return type(self._wrapped).maybe_append_choice(self, choices, **kwargs)

    def generate(self, **kwargs):
        choice_caller = self._wrapped.generate(**kwargs)
        return DataProcessorChoiceCallerWrapper(choice_caller, self._preprocessor, self._postprocessor)

    def __repr__(self) -> str:
        return f'DataProcessorTemplateWrapper({self._wrapped})'",zero-shot,"
                Classify the code as a lazy-class or a non-lazy-class 

                Code: class DataProcessorTemplateWrapper:
""""""
A wrapper class for a kernel template.

This class together with `DataProcessorChoiceCallerWrapper` provides a convenient way to
preprocess and postprocess data before and after using the wrapped template. A typical
usage is to reorder or filter the input nodes in order to match the expected input of other
kernel choices like a ATen kernel. A more complicated usage is to prepack the weights.
See the example from :mod:`cpp_gemm_template` for more details.
""""""

def __init__(self, wrapped_template_cls, preprocessor, postprocessor, **kwargs) -> None:
    if preprocessor is not None:
        self._preprocessor = preprocessor
    else:
        self._preprocessor = lambda x, y: (x, y)
    if postprocessor is not None:
        self._postprocessor = postprocessor
    else:
        self._postprocessor = lambda x: x
    assert 'input_nodes' in kwargs
    assert 'layout' in kwargs
    (kwargs['input_nodes'], kwargs['layout']) = preprocessor(kwargs['input_nodes'], kwargs['layout'])
    self._wrapped = wrapped_template_cls(**kwargs)

def __getattr__(self, name):
    return getattr(self._wrapped, name)

def maybe_append_choice(self, choices, **kwargs):
    return type(self._wrapped).maybe_append_choice(self, choices, **kwargs)

def generate(self, **kwargs):
    choice_caller = self._wrapped.generate(**kwargs)
    return DataProcessorChoiceCallerWrapper(choice_caller, self._preprocessor, self._postprocessor)

def __repr__(self) -> str:
    return f'DataProcessorTemplateWrapper({self._wrapped})'

                return the result as one of the following JSONs: {{""smell_type"":""lazy class""}} OR {{""smell_type"":""non-lazy class""}} AND {""explanation"":""your explication about this code""}
",False,"{""raw"": {""-"": {""loc"": 37, ""lloc"": 26, ""sloc"": 23, ""comments"": 0, ""multi"": 8, ""blank"": 6, ""single_comments"": 0}}, ""cc"": {""-"": [{""type"": ""method"", ""rank"": ""A"", ""col_offset"": 4, ""lineno"": 12, ""name"": ""__init__"", ""endline"": 24, ""complexity"": 5, ""classname"": ""DataProcessorTemplateWrapper"", ""closures"": []}, {""type"": ""class"", ""rank"": ""A"", ""col_offset"": 0, ""lineno"": 1, ""name"": ""DataProcessorTemplateWrapper"", ""endline"": 37, ""complexity"": 3, ""methods"": [{""type"": ""method"", ""rank"": ""A"", ""col_offset"": 4, ""lineno"": 12, ""name"": ""__init__"", ""endline"": 24, ""complexity"": 5, ""classname"": ""DataProcessorTemplateWrapper"", ""closures"": []}, {""type"": ""method"", ""rank"": ""A"", ""col_offset"": 4, ""lineno"": 26, ""name"": ""__getattr__"", ""endline"": 27, ""complexity"": 1, ""classname"": ""DataProcessorTemplateWrapper"", ""closures"": []}, {""type"": ""method"", ""rank"": ""A"", ""col_offset"": 4, ""lineno"": 29, ""name"": ""maybe_append_choice"", ""endline"": 30, ""complexity"": 1, ""classname"": ""DataProcessorTemplateWrapper"", ""closures"": []}, {""type"": ""method"", ""rank"": ""A"", ""col_offset"": 4, ""lineno"": 32, ""name"": ""generate"", ""endline"": 34, ""complexity"": 1, ""classname"": ""DataProcessorTemplateWrapper"", ""closures"": []}, {""type"": ""method"", ""rank"": ""A"", ""col_offset"": 4, ""lineno"": 36, ""name"": ""__repr__"", ""endline"": 37, ""complexity"": 1, ""classname"": ""DataProcessorTemplateWrapper"", ""closures"": []}]}, {""type"": ""method"", ""rank"": ""A"", ""col_offset"": 4, ""lineno"": 26, ""name"": ""__getattr__"", ""endline"": 27, ""complexity"": 1, ""classname"": ""DataProcessorTemplateWrapper"", ""closures"": []}, {""type"": ""method"", ""rank"": ""A"", ""col_offset"": 4, ""lineno"": 29, ""name"": ""maybe_append_choice"", ""endline"": 30, ""complexity"": 1, ""classname"": ""DataProcessorTemplateWrapper"", ""closures"": []}, {""type"": ""method"", ""rank"": ""A"", ""col_offset"": 4, ""lineno"": 32, ""name"": ""generate"", ""endline"": 34, ""complexity"": 1, ""classname"": ""DataProcessorTemplateWrapper"", ""closures"": []}, {""type"": ""method"", ""rank"": ""A"", ""col_offset"": 4, ""lineno"": 36, ""name"": ""__repr__"", ""endline"": 37, ""complexity"": 1, ""classname"": ""DataProcessorTemplateWrapper"", ""closures"": []}]}, ""mi"": {""-"": {""mi"": 84.37108215728976, ""rank"": ""A""}}, ""hal"": {""-"": {""total"": {""h1"": 2, ""h2"": 6, ""N1"": 4, ""N2"": 8, ""vocabulary"": 8, ""length"": 12, ""calculated_length"": 17.509775004326936, ""volume"": 36.0, ""difficulty"": 1.3333333333333333, ""effort"": 48.0, ""time"": 2.6666666666666665, ""bugs"": 0.012}, ""functions"": {""__init__"": {""h1"": 2, ""h2"": 6, ""N1"": 4, ""N2"": 8, ""vocabulary"": 8, ""length"": 12, ""calculated_length"": 17.509775004326936, ""volume"": 36.0, ""difficulty"": 1.3333333333333333, ""effort"": 48.0, ""time"": 2.6666666666666665, ""bugs"": 0.012}, ""__getattr__"": {""h1"": 0, ""h2"": 0, ""N1"": 0, ""N2"": 0, ""vocabulary"": 0, ""length"": 0, ""calculated_length"": 0, ""volume"": 0, ""difficulty"": 0, ""effort"": 0, ""time"": 0.0, ""bugs"": 0.0}, ""maybe_append_choice"": {""h1"": 0, ""h2"": 0, ""N1"": 0, ""N2"": 0, ""vocabulary"": 0, ""length"": 0, ""calculated_length"": 0, ""volume"": 0, ""difficulty"": 0, ""effort"": 0, ""time"": 0.0, ""bugs"": 0.0}, ""generate"": {""h1"": 0, ""h2"": 0, ""N1"": 0, ""N2"": 0, ""vocabulary"": 0, ""length"": 0, ""calculated_length"": 0, ""volume"": 0, ""difficulty"": 0, ""effort"": 0, ""time"": 0.0, ""bugs"": 0.0}, ""__repr__"": {""h1"": 0, ""h2"": 0, ""N1"": 0, ""N2"": 0, ""vocabulary"": 0, ""length"": 0, ""calculated_length"": 0, ""volume"": 0, ""difficulty"": 0, ""effort"": 0, ""time"": 0.0, ""bugs"": 0.0}}}}}",2026-03-22T01:52:52.064694,0
906bf762-33de-495a-a4b3-4f8421df6040,lazy class,"The CombinedExpression class is a lazy class because it defers the evaluation of its expression until it's actually needed, such as when calling `as_sql` or `resolve_expression`. It stores references to other expressions (lhs and rhs) and only combines them when necessary.",v601__django__combinedexpression__df11672224014fe4__20260318_230846_938052.py,mistral:latest,python,CombinedExpression,,lazy-class,"class CombinedExpression(SQLiteNumericMixin, Expression):

    def __init__(self, lhs, connector, rhs, output_field=None):
        super().__init__(output_field=output_field)
        self.connector = connector
        self.lhs = lhs
        self.rhs = rhs

    def __repr__(self):
        return '<{}: {}>'.format(self.__class__.__name__, self)

    def __str__(self):
        return '{} {} {}'.format(self.lhs, self.connector, self.rhs)

    def get_source_expressions(self):
        return [self.lhs, self.rhs]

    def set_source_expressions(self, exprs):
        (self.lhs, self.rhs) = exprs

    def _resolve_output_field(self):
        combined_type = _resolve_combined_type(self.connector, type(self.lhs._output_field_or_none), type(self.rhs._output_field_or_none))
        if combined_type is None:
            raise FieldError(f'Cannot infer type of {self.connector!r} expression involving these types: {self.lhs.output_field.__class__.__name__}, {self.rhs.output_field.__class__.__name__}. You must set output_field.')
        return combined_type()

    def as_sql(self, compiler, connection):
        expressions = []
        expression_params = []
        (sql, params) = compiler.compile(self.lhs)
        expressions.append(sql)
        expression_params.extend(params)
        (sql, params) = compiler.compile(self.rhs)
        expressions.append(sql)
        expression_params.extend(params)
        expression_wrapper = '(%s)'
        sql = connection.ops.combine_expression(self.connector, expressions)
        return (expression_wrapper % sql, expression_params)

    def resolve_expression(self, query=None, allow_joins=True, reuse=None, summarize=False, for_save=False):
        resolved = super().resolve_expression(query, allow_joins, reuse, summarize, for_save)
        if not isinstance(self, (DurationExpression, TemporalSubtraction)):
            try:
                lhs_type = resolved.lhs.output_field.get_internal_type()
            except (AttributeError, FieldError):
                lhs_type = None
            try:
                rhs_type = resolved.rhs.output_field.get_internal_type()
            except (AttributeError, FieldError):
                rhs_type = None
            if 'DurationField' in {lhs_type, rhs_type} and lhs_type != rhs_type:
                return DurationExpression(resolved.lhs, resolved.connector, resolved.rhs)
            datetime_fields = {'DateField', 'DateTimeField', 'TimeField'}
            if self.connector == self.SUB and lhs_type in datetime_fields and (lhs_type == rhs_type):
                return TemporalSubtraction(resolved.lhs, resolved.rhs)
        return resolved

    @cached_property
    def allowed_default(self):
        return self.lhs.allowed_default and self.rhs.allowed_default",zero-shot,"
                Classify the code as a lazy-class or a non-lazy-class 

                Code: class CombinedExpression(SQLiteNumericMixin, Expression):

def __init__(self, lhs, connector, rhs, output_field=None):
    super().__init__(output_field=output_field)
    self.connector = connector
    self.lhs = lhs
    self.rhs = rhs

def __repr__(self):
    return '<{}: {}>'.format(self.__class__.__name__, self)

def __str__(self):
    return '{} {} {}'.format(self.lhs, self.connector, self.rhs)

def get_source_expressions(self):
    return [self.lhs, self.rhs]

def set_source_expressions(self, exprs):
    (self.lhs, self.rhs) = exprs

def _resolve_output_field(self):
    combined_type = _resolve_combined_type(self.connector, type(self.lhs._output_field_or_none), type(self.rhs._output_field_or_none))
    if combined_type is None:
        raise FieldError(f'Cannot infer type of {self.connector!r} expression involving these types: {self.lhs.output_field.__class__.__name__}, {self.rhs.output_field.__class__.__name__}. You must set output_field.')
    return combined_type()

def as_sql(self, compiler, connection):
    expressions = []
    expression_params = []
    (sql, params) = compiler.compile(self.lhs)
    expressions.append(sql)
    expression_params.extend(params)
    (sql, params) = compiler.compile(self.rhs)
    expressions.append(sql)
    expression_params.extend(params)
    expression_wrapper = '(%s)'
    sql = connection.ops.combine_expression(self.connector, expressions)
    return (expression_wrapper % sql, expression_params)

def resolve_expression(self, query=None, allow_joins=True, reuse=None, summarize=False, for_save=False):
    resolved = super().resolve_expression(query, allow_joins, reuse, summarize, for_save)
    if not isinstance(self, (DurationExpression, TemporalSubtraction)):
        try:
            lhs_type = resolved.lhs.output_field.get_internal_type()
        except (AttributeError, FieldError):
            lhs_type = None
        try:
            rhs_type = resolved.rhs.output_field.get_internal_type()
        except (AttributeError, FieldError):
            rhs_type = None
        if 'DurationField' in {lhs_type, rhs_type} and lhs_type != rhs_type:
            return DurationExpression(resolved.lhs, resolved.connector, resolved.rhs)
        datetime_fields = {'DateField', 'DateTimeField', 'TimeField'}
        if self.connector == self.SUB and lhs_type in datetime_fields and (lhs_type == rhs_type):
            return TemporalSubtraction(resolved.lhs, resolved.rhs)
    return resolved

@cached_property
def allowed_default(self):
    return self.lhs.allowed_default and self.rhs.allowed_default

                return the result as one of the following JSONs: {{""smell_type"":""lazy class""}} OR {{""smell_type"":""non-lazy class""}} AND {""explanation"":""your explication about this code""}
",False,"{""raw"": {""-"": {""loc"": 60, ""lloc"": 51, ""sloc"": 51, ""comments"": 0, ""multi"": 0, ""blank"": 9, ""single_comments"": 0}}, ""cc"": {""-"": [{""type"": ""method"", ""rank"": ""B"", ""endline"": 56, ""classname"": ""CombinedExpression"", ""lineno"": 40, ""col_offset"": 4, ""name"": ""resolve_expression"", ""complexity"": 9, ""closures"": []}, {""type"": ""class"", ""rank"": ""A"", ""endline"": 60, ""lineno"": 1, ""col_offset"": 0, ""name"": ""CombinedExpression"", ""complexity"": 3, ""methods"": [{""type"": ""method"", ""rank"": ""A"", ""endline"": 7, ""classname"": ""CombinedExpression"", ""lineno"": 3, ""col_offset"": 4, ""name"": ""__init__"", ""complexity"": 1, ""closures"": []}, {""type"": ""method"", ""rank"": ""A"", ""endline"": 10, ""classname"": ""CombinedExpression"", ""lineno"": 9, ""col_offset"": 4, ""name"": ""__repr__"", ""complexity"": 1, ""closures"": []}, {""type"": ""method"", ""rank"": ""A"", ""endline"": 13, ""classname"": ""CombinedExpression"", ""lineno"": 12, ""col_offset"": 4, ""name"": ""__str__"", ""complexity"": 1, ""closures"": []}, {""type"": ""method"", ""rank"": ""A"", ""endline"": 16, ""classname"": ""CombinedExpression"", ""lineno"": 15, ""col_offset"": 4, ""name"": ""get_source_expressions"", ""complexity"": 1, ""closures"": []}, {""type"": ""method"", ""rank"": ""A"", ""endline"": 19, ""classname"": ""CombinedExpression"", ""lineno"": 18, ""col_offset"": 4, ""name"": ""set_source_expressions"", ""complexity"": 1, ""closures"": []}, {""type"": ""method"", ""rank"": ""A"", ""endline"": 25, ""classname"": ""CombinedExpression"", ""lineno"": 21, ""col_offset"": 4, ""name"": ""_resolve_output_field"", ""complexity"": 2, ""closures"": []}, {""type"": ""method"", ""rank"": ""A"", ""endline"": 38, ""classname"": ""CombinedExpression"", ""lineno"": 27, ""col_offset"": 4, ""name"": ""as_sql"", ""complexity"": 1, ""closures"": []}, {""type"": ""method"", ""rank"": ""B"", ""endline"": 56, ""classname"": ""CombinedExpression"", ""lineno"": 40, ""col_offset"": 4, ""name"": ""resolve_expression"", ""complexity"": 9, ""closures"": []}, {""type"": ""method"", ""rank"": ""A"", ""endline"": 60, ""classname"": ""CombinedExpression"", ""lineno"": 59, ""col_offset"": 4, ""name"": ""allowed_default"", ""complexity"": 2, ""closures"": []}]}, {""type"": ""method"", ""rank"": ""A"", ""endline"": 25, ""classname"": ""CombinedExpression"", ""lineno"": 21, ""col_offset"": 4, ""name"": ""_resolve_output_field"", ""complexity"": 2, ""closures"": []}, {""type"": ""method"", ""rank"": ""A"", ""endline"": 60, ""classname"": ""CombinedExpression"", ""lineno"": 59, ""col_offset"": 4, ""name"": ""allowed_default"", ""complexity"": 2, ""closures"": []}, {""type"": ""method"", ""rank"": ""A"", ""endline"": 7, ""classname"": ""CombinedExpression"", ""lineno"": 3, ""col_offset"": 4, ""name"": ""__init__"", ""complexity"": 1, ""closures"": []}, {""type"": ""method"", ""rank"": ""A"", ""endline"": 10, ""classname"": ""CombinedExpression"", ""lineno"": 9, ""col_offset"": 4, ""name"": ""__repr__"", ""complexity"": 1, ""closures"": []}, {""type"": ""method"", ""rank"": ""A"", ""endline"": 13, ""classname"": ""CombinedExpression"", ""lineno"": 12, ""col_offset"": 4, ""name"": ""__str__"", ""complexity"": 1, ""closures"": []}, {""type"": ""method"", ""rank"": ""A"", ""endline"": 16, ""classname"": ""CombinedExpression"", ""lineno"": 15, ""col_offset"": 4, ""name"": ""get_source_expressions"", ""complexity"": 1, ""closures"": []}, {""type"": ""method"", ""rank"": ""A"", ""endline"": 19, ""classname"": ""CombinedExpression"", ""lineno"": 18, ""col_offset"": 4, ""name"": ""set_source_expressions"", ""complexity"": 1, ""closures"": []}, {""type"": ""method"", ""rank"": ""A"", ""endline"": 38, ""classname"": ""CombinedExpression"", ""lineno"": 27, ""col_offset"": 4, ""name"": ""as_sql"", ""complexity"": 1, ""closures"": []}]}, ""mi"": {""-"": {""mi"": 44.7589186716976, ""rank"": ""A""}}, ""hal"": {""-"": {""total"": {""h1"": 7, ""h2"": 18, ""N1"": 11, ""N2"": 22, ""vocabulary"": 25, ""length"": 33, ""calculated_length"": 94.71013448036484, ""volume"": 153.24725426256592, ""difficulty"": 4.277777777777778, ""effort"": 655.5576987898653, ""time"": 36.41987215499252, ""bugs"": 0.05108241808752197}, ""functions"": {""__init__"": {""h1"": 0, ""h2"": 0, ""N1"": 0, ""N2"": 0, ""vocabulary"": 0, ""length"": 0, ""calculated_length"": 0, ""volume"": 0, ""difficulty"": 0, ""effort"": 0, ""time"": 0.0, ""bugs"": 0.0}, ""__repr__"": {""h1"": 0, ""h2"": 0, ""N1"": 0, ""N2"": 0, ""vocabulary"": 0, ""length"": 0, ""calculated_length"": 0, ""volume"": 0, ""difficulty"": 0, ""effort"": 0, ""time"": 0.0, ""bugs"": 0.0}, ""__str__"": {""h1"": 0, ""h2"": 0, ""N1"": 0, ""N2"": 0, ""vocabulary"": 0, ""length"": 0, ""calculated_length"": 0, ""volume"": 0, ""difficulty"": 0, ""effort"": 0, ""time"": 0.0, ""bugs"": 0.0}, ""get_source_expressions"": {""h1"": 0, ""h2"": 0, ""N1"": 0, ""N2"": 0, ""vocabulary"": 0, ""length"": 0, ""calculated_length"": 0, ""volume"": 0, ""difficulty"": 0, ""effort"": 0, ""time"": 0.0, ""bugs"": 0.0}, ""set_source_expressions"": {""h1"": 0, ""h2"": 0, ""N1"": 0, ""N2"": 0, ""vocabulary"": 0, ""length"": 0, ""calculated_length"": 0, ""volume"": 0, ""difficulty"": 0, ""effort"": 0, ""time"": 0.0, ""bugs"": 0.0}, ""_resolve_output_field"": {""h1"": 1, ""h2"": 2, ""N1"": 1, ""N2"": 2, ""vocabulary"": 3, ""length"": 3, ""calculated_length"": 2.0, ""volume"": 4.754887502163469, ""difficulty"": 0.5, ""effort"": 2.3774437510817346, ""time"": 0.1320802083934297, ""bugs"": 0.0015849625007211565}, ""as_sql"": {""h1"": 1, ""h2"": 2, ""N1"": 1, ""N2"": 2, ""vocabulary"": 3, ""length"": 3, ""calculated_length"": 2.0, ""volume"": 4.754887502163469, ""difficulty"": 0.5, ""effort"": 2.3774437510817346, ""time"": 0.1320802083934297, ""bugs"": 0.0015849625007211565}, ""resolve_expression"": {""h1"": 5, ""h2"": 13, ""N1"": 8, ""N2"": 16, ""vocabulary"": 18, ""length"": 24, ""calculated_length"": 59.715356810271004, ""volume"": 100.07820003461549, ""difficulty"": 3.076923076923077, ""effort"": 307.9329231834323, ""time"": 17.107384621301794, ""bugs"": 0.0333594000115385}, ""allowed_default"": {""h1"": 1, ""h2"": 1, ""N1"": 1, ""N2"": 2, ""vocabulary"": 2, ""length"": 3, ""calculated_length"": 0.0, ""volume"": 3.0, ""difficulty"": 1.0, ""effort"": 3.0, ""time"": 0.16666666666666666, ""bugs"": 0.001}}}}}",2026-03-22T01:52:53.011000,0
906bf762-33de-495a-a4b3-4f8421df6040,non-lazy class,"This class, LoRARequestStates, is not considered lazy because it maintains a data structure (a dictionary of LoRAStats objects) that is updated with each method call. The _request_update method modifies the internal state of the object and does not return immediately, which indicates non-lazy behavior.",0130__vllm__lorarequeststates__9cfde67129c4474c__20260318_230846_936342.py,mistral:latest,python,LoRARequestStates,,lazy-class,"class LoRARequestStates:
    """"""A per-LoRA count of running and waiting requests.""""""

    def __init__(self, log_stats: bool=False):
        self.log_stats = log_stats
        self.requests: defaultdict[str, LoRAStats] = defaultdict(LoRAStats)

    def _request_update(self, req_id: str, lora_name: str | None, waiting: bool, running: bool):
        if not self.log_stats or lora_name is None:
            return
        lora_stats = self.requests[lora_name]
        lora_stats.update(req_id, waiting, running)
        if lora_stats.empty:
            del self.requests[lora_name]

    def request_waiting(self, req_id: str, lora_name: str | None):
        self._request_update(req_id, lora_name, waiting=True, running=False)

    def request_running(self, req_id: str, lora_name: str | None):
        self._request_update(req_id, lora_name, waiting=False, running=True)

    def request_finished(self, req_id: str, lora_name: str | None):
        self._request_update(req_id, lora_name, waiting=False, running=False)

    def update_scheduler_stats(self, scheduler_stats: SchedulerStats | None):
        if not self.log_stats or scheduler_stats is None:
            return
        for (lora_name, stats) in self.requests.items():
            scheduler_stats.waiting_lora_adapters[lora_name] = len(stats.waiting)
            scheduler_stats.running_lora_adapters[lora_name] = len(stats.running)",zero-shot,"
                Classify the code as a lazy-class or a non-lazy-class 

                Code: class LoRARequestStates:
""""""A per-LoRA count of running and waiting requests.""""""

def __init__(self, log_stats: bool=False):
    self.log_stats = log_stats
    self.requests: defaultdict[str, LoRAStats] = defaultdict(LoRAStats)

def _request_update(self, req_id: str, lora_name: str | None, waiting: bool, running: bool):
    if not self.log_stats or lora_name is None:
        return
    lora_stats = self.requests[lora_name]
    lora_stats.update(req_id, waiting, running)
    if lora_stats.empty:
        del self.requests[lora_name]

def request_waiting(self, req_id: str, lora_name: str | None):
    self._request_update(req_id, lora_name, waiting=True, running=False)

def request_running(self, req_id: str, lora_name: str | None):
    self._request_update(req_id, lora_name, waiting=False, running=True)

def request_finished(self, req_id: str, lora_name: str | None):
    self._request_update(req_id, lora_name, waiting=False, running=False)

def update_scheduler_stats(self, scheduler_stats: SchedulerStats | None):
    if not self.log_stats or scheduler_stats is None:
        return
    for (lora_name, stats) in self.requests.items():
        scheduler_stats.waiting_lora_adapters[lora_name] = len(stats.waiting)
        scheduler_stats.running_lora_adapters[lora_name] = len(stats.running)

                return the result as one of the following JSONs: {{""smell_type"":""lazy class""}} OR {{""smell_type"":""non-lazy class""}} AND {""explanation"":""your explication about this code""}
",False,"{""raw"": {""-"": {""loc"": 30, ""lloc"": 25, ""sloc"": 23, ""comments"": 0, ""multi"": 0, ""blank"": 6, ""single_comments"": 1}}, ""cc"": {""-"": [{""type"": ""method"", ""rank"": ""A"", ""complexity"": 4, ""classname"": ""LoRARequestStates"", ""lineno"": 8, ""endline"": 14, ""name"": ""_request_update"", ""col_offset"": 4, ""closures"": []}, {""type"": ""method"", ""rank"": ""A"", ""complexity"": 4, ""classname"": ""LoRARequestStates"", ""lineno"": 25, ""endline"": 30, ""name"": ""update_scheduler_stats"", ""col_offset"": 4, ""closures"": []}, {""type"": ""class"", ""rank"": ""A"", ""complexity"": 3, ""lineno"": 1, ""endline"": 30, ""name"": ""LoRARequestStates"", ""col_offset"": 0, ""methods"": [{""type"": ""method"", ""rank"": ""A"", ""complexity"": 1, ""classname"": ""LoRARequestStates"", ""lineno"": 4, ""endline"": 6, ""name"": ""__init__"", ""col_offset"": 4, ""closures"": []}, {""type"": ""method"", ""rank"": ""A"", ""complexity"": 4, ""classname"": ""LoRARequestStates"", ""lineno"": 8, ""endline"": 14, ""name"": ""_request_update"", ""col_offset"": 4, ""closures"": []}, {""type"": ""method"", ""rank"": ""A"", ""complexity"": 1, ""classname"": ""LoRARequestStates"", ""lineno"": 16, ""endline"": 17, ""name"": ""request_waiting"", ""col_offset"": 4, ""closures"": []}, {""type"": ""method"", ""rank"": ""A"", ""complexity"": 1, ""classname"": ""LoRARequestStates"", ""lineno"": 19, ""endline"": 20, ""name"": ""request_running"", ""col_offset"": 4, ""closures"": []}, {""type"": ""method"", ""rank"": ""A"", ""complexity"": 1, ""classname"": ""LoRARequestStates"", ""lineno"": 22, ""endline"": 23, ""name"": ""request_finished"", ""col_offset"": 4, ""closures"": []}, {""type"": ""method"", ""rank"": ""A"", ""complexity"": 4, ""classname"": ""LoRARequestStates"", ""lineno"": 25, ""endline"": 30, ""name"": ""update_scheduler_stats"", ""col_offset"": 4, ""closures"": []}]}, {""type"": ""method"", ""rank"": ""A"", ""complexity"": 1, ""classname"": ""LoRARequestStates"", ""lineno"": 4, ""endline"": 6, ""name"": ""__init__"", ""col_offset"": 4, ""closures"": []}, {""type"": ""method"", ""rank"": ""A"", ""complexity"": 1, ""classname"": ""LoRARequestStates"", ""lineno"": 16, ""endline"": 17, ""name"": ""request_waiting"", ""col_offset"": 4, ""closures"": []}, {""type"": ""method"", ""rank"": ""A"", ""complexity"": 1, ""classname"": ""LoRARequestStates"", ""lineno"": 19, ""endline"": 20, ""name"": ""request_running"", ""col_offset"": 4, ""closures"": []}, {""type"": ""method"", ""rank"": ""A"", ""complexity"": 1, ""classname"": ""LoRARequestStates"", ""lineno"": 22, ""endline"": 23, ""name"": ""request_finished"", ""col_offset"": 4, ""closures"": []}]}, ""mi"": {""-"": {""mi"": 55.34666764548154, ""rank"": ""A""}}, ""hal"": {""-"": {""total"": {""h1"": 3, ""h2"": 10, ""N1"": 6, ""N2"": 10, ""vocabulary"": 13, ""length"": 16, ""calculated_length"": 37.974168451037094, ""volume"": 59.207035490257475, ""difficulty"": 1.5, ""effort"": 88.81055323538621, ""time"": 4.933919624188123, ""bugs"": 0.019735678496752493}, ""functions"": {""__init__"": {""h1"": 0, ""h2"": 0, ""N1"": 0, ""N2"": 0, ""vocabulary"": 0, ""length"": 0, ""calculated_length"": 0, ""volume"": 0, ""difficulty"": 0, ""effort"": 0, ""time"": 0.0, ""bugs"": 0.0}, ""_request_update"": {""h1"": 3, ""h2"": 5, ""N1"": 3, ""N2"": 5, ""vocabulary"": 8, ""length"": 8, ""calculated_length"": 16.36452797660028, ""volume"": 24.0, ""difficulty"": 1.5, ""effort"": 36.0, ""time"": 2.0, ""bugs"": 0.008}, ""request_waiting"": {""h1"": 0, ""h2"": 0, ""N1"": 0, ""N2"": 0, ""vocabulary"": 0, ""length"": 0, ""calculated_length"": 0, ""volume"": 0, ""difficulty"": 0, ""effort"": 0, ""time"": 0.0, ""bugs"": 0.0}, ""request_running"": {""h1"": 0, ""h2"": 0, ""N1"": 0, ""N2"": 0, ""vocabulary"": 0, ""length"": 0, ""calculated_length"": 0, ""volume"": 0, ""difficulty"": 0, ""effort"": 0, ""time"": 0.0, ""bugs"": 0.0}, ""request_finished"": {""h1"": 0, ""h2"": 0, ""N1"": 0, ""N2"": 0, ""vocabulary"": 0, ""length"": 0, ""calculated_length"": 0, ""volume"": 0, ""difficulty"": 0, ""effort"": 0, ""time"": 0.0, ""bugs"": 0.0}, ""update_scheduler_stats"": {""h1"": 3, ""h2"": 5, ""N1"": 3, ""N2"": 5, ""vocabulary"": 8, ""length"": 8, ""calculated_length"": 16.36452797660028, ""volume"": 24.0, ""difficulty"": 1.5, ""effort"": 36.0, ""time"": 2.0, ""bugs"": 0.008}}}}}",2026-03-22T01:52:54.017248,0
906bf762-33de-495a-a4b3-4f8421df6040,non-lazy class,"This code defines a non-lazy class, specifically a Poisson distribution within the context of PyTorch's ExponentialFamily. The class is not lazy because it has methods like `sample`, `log_prob`, and properties like `mean`, `mode`, and `variance` that are used to generate samples or calculate probabilities, which require computation. These operations are performed immediately when called, rather than being deferred until a later time.",v601__django__poisson__549dd1a5c4655cba__20260318_230846_936640.py,mistral:latest,python,Poisson,,lazy-class,"class Poisson(ExponentialFamily):
    """"""
    Creates a Poisson distribution parameterized by :attr:`rate`, the rate parameter.

    Samples are nonnegative integers, with a pmf given by

    .. math::
      \\mathrm{rate}^k \\frac{e^{-\\mathrm{rate}}}{k!}

    Example::

        >>> # xdoctest: +SKIP(""poisson_cpu not implemented for 'Long'"")
        >>> m = Poisson(torch.tensor([4]))
        >>> m.sample()
        tensor([ 3.])

    Args:
        rate (Number, Tensor): the rate parameter
    """"""
    arg_constraints = {'rate': constraints.nonnegative}
    support = constraints.nonnegative_integer

    @property
    def mean(self) -> Tensor:
        return self.rate

    @property
    def mode(self) -> Tensor:
        return self.rate.floor()

    @property
    def variance(self) -> Tensor:
        return self.rate

    def __init__(self, rate: Tensor | Number, validate_args: bool | None=None) -> None:
        (self.rate,) = broadcast_all(rate)
        if isinstance(rate, _Number):
            batch_shape = torch.Size()
        else:
            batch_shape = self.rate.size()
        super().__init__(batch_shape, validate_args=validate_args)

    def expand(self, batch_shape, _instance=None):
        new = self._get_checked_instance(Poisson, _instance)
        batch_shape = torch.Size(batch_shape)
        new.rate = self.rate.expand(batch_shape)
        super(Poisson, new).__init__(batch_shape, validate_args=False)
        new._validate_args = self._validate_args
        return new

    def sample(self, sample_shape=torch.Size()):
        shape = self._extended_shape(sample_shape)
        with torch.no_grad():
            return torch.poisson(self.rate.expand(shape))

    def log_prob(self, value):
        if self._validate_args:
            self._validate_sample(value)
        (rate, value) = broadcast_all(self.rate, value)
        return value.xlogy(rate) - rate - (value + 1).lgamma()

    @property
    def _natural_params(self) -> tuple[Tensor]:
        return (torch.log(self.rate),)

    def _log_normalizer(self, x):
        return torch.exp(x)",zero-shot,"
                Classify the code as a lazy-class or a non-lazy-class 

                Code: class Poisson(ExponentialFamily):
""""""
Creates a Poisson distribution parameterized by :attr:`rate`, the rate parameter.

Samples are nonnegative integers, with a pmf given by

.. math::
  \\mathrm{rate}^k \\frac{e^{-\\mathrm{rate}}}{k!}

Example::

    >>> # xdoctest: +SKIP(""poisson_cpu not implemented for 'Long'"")
    >>> m = Poisson(torch.tensor([4]))
    >>> m.sample()
    tensor([ 3.])

Args:
    rate (Number, Tensor): the rate parameter
""""""
arg_constraints = {'rate': constraints.nonnegative}
support = constraints.nonnegative_integer

@property
def mean(self) -> Tensor:
    return self.rate

@property
def mode(self) -> Tensor:
    return self.rate.floor()

@property
def variance(self) -> Tensor:
    return self.rate

def __init__(self, rate: Tensor | Number, validate_args: bool | None=None) -> None:
    (self.rate,) = broadcast_all(rate)
    if isinstance(rate, _Number):
        batch_shape = torch.Size()
    else:
        batch_shape = self.rate.size()
    super().__init__(batch_shape, validate_args=validate_args)

def expand(self, batch_shape, _instance=None):
    new = self._get_checked_instance(Poisson, _instance)
    batch_shape = torch.Size(batch_shape)
    new.rate = self.rate.expand(batch_shape)
    super(Poisson, new).__init__(batch_shape, validate_args=False)
    new._validate_args = self._validate_args
    return new

def sample(self, sample_shape=torch.Size()):
    shape = self._extended_shape(sample_shape)
    with torch.no_grad():
        return torch.poisson(self.rate.expand(shape))

def log_prob(self, value):
    if self._validate_args:
        self._validate_sample(value)
    (rate, value) = broadcast_all(self.rate, value)
    return value.xlogy(rate) - rate - (value + 1).lgamma()

@property
def _natural_params(self) -> tuple[Tensor]:
    return (torch.log(self.rate),)

def _log_normalizer(self, x):
    return torch.exp(x)

                return the result as one of the following JSONs: {{""smell_type"":""lazy class""}} OR {{""smell_type"":""non-lazy class""}} AND {""explanation"":""your explication about this code""}
",False,"{""raw"": {""-"": {""loc"": 67, ""lloc"": 42, ""sloc"": 40, ""comments"": 0, ""multi"": 13, ""blank"": 14, ""single_comments"": 0}}, ""cc"": {""-"": [{""type"": ""class"", ""rank"": ""A"", ""col_offset"": 0, ""complexity"": 2, ""lineno"": 1, ""endline"": 67, ""name"": ""Poisson"", ""methods"": [{""type"": ""method"", ""rank"": ""A"", ""col_offset"": 4, ""complexity"": 1, ""lineno"": 24, ""endline"": 25, ""classname"": ""Poisson"", ""name"": ""mean"", ""closures"": []}, {""type"": ""method"", ""rank"": ""A"", ""col_offset"": 4, ""complexity"": 1, ""lineno"": 28, ""endline"": 29, ""classname"": ""Poisson"", ""name"": ""mode"", ""closures"": []}, {""type"": ""method"", ""rank"": ""A"", ""col_offset"": 4, ""complexity"": 1, ""lineno"": 32, ""endline"": 33, ""classname"": ""Poisson"", ""name"": ""variance"", ""closures"": []}, {""type"": ""method"", ""rank"": ""A"", ""col_offset"": 4, ""complexity"": 2, ""lineno"": 35, ""endline"": 41, ""classname"": ""Poisson"", ""name"": ""__init__"", ""closures"": []}, {""type"": ""method"", ""rank"": ""A"", ""col_offset"": 4, ""complexity"": 1, ""lineno"": 43, ""endline"": 49, ""classname"": ""Poisson"", ""name"": ""expand"", ""closures"": []}, {""type"": ""method"", ""rank"": ""A"", ""col_offset"": 4, ""complexity"": 1, ""lineno"": 51, ""endline"": 54, ""classname"": ""Poisson"", ""name"": ""sample"", ""closures"": []}, {""type"": ""method"", ""rank"": ""A"", ""col_offset"": 4, ""complexity"": 2, ""lineno"": 56, ""endline"": 60, ""classname"": ""Poisson"", ""name"": ""log_prob"", ""closures"": []}, {""type"": ""method"", ""rank"": ""A"", ""col_offset"": 4, ""complexity"": 1, ""lineno"": 63, ""endline"": 64, ""classname"": ""Poisson"", ""name"": ""_natural_params"", ""closures"": []}, {""type"": ""method"", ""rank"": ""A"", ""col_offset"": 4, ""complexity"": 1, ""lineno"": 66, ""endline"": 67, ""classname"": ""Poisson"", ""name"": ""_log_normalizer"", ""closures"": []}]}, {""type"": ""method"", ""rank"": ""A"", ""col_offset"": 4, ""complexity"": 2, ""lineno"": 35, ""endline"": 41, ""classname"": ""Poisson"", ""name"": ""__init__"", ""closures"": []}, {""type"": ""method"", ""rank"": ""A"", ""col_offset"": 4, ""complexity"": 2, ""lineno"": 56, ""endline"": 60, ""classname"": ""Poisson"", ""name"": ""log_prob"", ""closures"": []}, {""type"": ""method"", ""rank"": ""A"", ""col_offset"": 4, ""complexity"": 1, ""lineno"": 24, ""endline"": 25, ""classname"": ""Poisson"", ""name"": ""mean"", ""closures"": []}, {""type"": ""method"", ""rank"": ""A"", ""col_offset"": 4, ""complexity"": 1, ""lineno"": 28, ""endline"": 29, ""classname"": ""Poisson"", ""name"": ""mode"", ""closures"": []}, {""type"": ""method"", ""rank"": ""A"", ""col_offset"": 4, ""complexity"": 1, ""lineno"": 32, ""endline"": 33, ""classname"": ""Poisson"", ""name"": ""variance"", ""closures"": []}, {""type"": ""method"", ""rank"": ""A"", ""col_offset"": 4, ""complexity"": 1, ""lineno"": 43, ""endline"": 49, ""classname"": ""Poisson"", ""name"": ""expand"", ""closures"": []}, {""type"": ""method"", ""rank"": ""A"", ""col_offset"": 4, ""complexity"": 1, ""lineno"": 51, ""endline"": 54, ""classname"": ""Poisson"", ""name"": ""sample"", ""closures"": []}, {""type"": ""method"", ""rank"": ""A"", ""col_offset"": 4, ""complexity"": 1, ""lineno"": 63, ""endline"": 64, ""classname"": ""Poisson"", ""name"": ""_natural_params"", ""closures"": []}, {""type"": ""method"", ""rank"": ""A"", ""col_offset"": 4, ""complexity"": 1, ""lineno"": 66, ""endline"": 67, ""classname"": ""Poisson"", ""name"": ""_log_normalizer"", ""closures"": []}]}, ""mi"": {""-"": {""mi"": 80.00338458043754, ""rank"": ""A""}}, ""hal"": {""-"": {""total"": {""h1"": 2, ""h2"": 6, ""N1"": 3, ""N2"": 6, ""vocabulary"": 8, ""length"": 9, ""calculated_length"": 17.509775004326936, ""volume"": 27.0, ""difficulty"": 1.0, ""effort"": 27.0, ""time"": 1.5, ""bugs"": 0.009}, ""functions"": {""mean"": {""h1"": 0, ""h2"": 0, ""N1"": 0, ""N2"": 0, ""vocabulary"": 0, ""length"": 0, ""calculated_length"": 0, ""volume"": 0, ""difficulty"": 0, ""effort"": 0, ""time"": 0.0, ""bugs"": 0.0}, ""mode"": {""h1"": 0, ""h2"": 0, ""N1"": 0, ""N2"": 0, ""vocabulary"": 0, ""length"": 0, ""calculated_length"": 0, ""volume"": 0, ""difficulty"": 0, ""effort"": 0, ""time"": 0.0, ""bugs"": 0.0}, ""variance"": {""h1"": 0, ""h2"": 0, ""N1"": 0, ""N2"": 0, ""vocabulary"": 0, ""length"": 0, ""calculated_length"": 0, ""volume"": 0, ""difficulty"": 0, ""effort"": 0, ""time"": 0.0, ""bugs"": 0.0}, ""__init__"": {""h1"": 0, ""h2"": 0, ""N1"": 0, ""N2"": 0, ""vocabulary"": 0, ""length"": 0, ""calculated_length"": 0, ""volume"": 0, ""difficulty"": 0, ""effort"": 0, ""time"": 0.0, ""bugs"": 0.0}, ""expand"": {""h1"": 0, ""h2"": 0, ""N1"": 0, ""N2"": 0, ""vocabulary"": 0, ""length"": 0, ""calculated_length"": 0, ""volume"": 0, ""difficulty"": 0, ""effort"": 0, ""time"": 0.0, ""bugs"": 0.0}, ""sample"": {""h1"": 0, ""h2"": 0, ""N1"": 0, ""N2"": 0, ""vocabulary"": 0, ""length"": 0, ""calculated_length"": 0, ""volume"": 0, ""difficulty"": 0, ""effort"": 0, ""time"": 0.0, ""bugs"": 0.0}, ""log_prob"": {""h1"": 2, ""h2"": 6, ""N1"": 3, ""N2"": 6, ""vocabulary"": 8, ""length"": 9, ""calculated_length"": 17.509775004326936, ""volume"": 27.0, ""difficulty"": 1.0, ""effort"": 27.0, ""time"": 1.5, ""bugs"": 0.009}, ""_natural_params"": {""h1"": 0, ""h2"": 0, ""N1"": 0, ""N2"": 0, ""vocabulary"": 0, ""length"": 0, ""calculated_length"": 0, ""volume"": 0, ""difficulty"": 0, ""effort"": 0, ""time"": 0.0, ""bugs"": 0.0}, ""_log_normalizer"": {""h1"": 0, ""h2"": 0, ""N1"": 0, ""N2"": 0, ""vocabulary"": 0, ""length"": 0, ""calculated_length"": 0, ""volume"": 0, ""difficulty"": 0, ""effort"": 0, ""time"": 0.0, ""bugs"": 0.0}}}}}",2026-03-22T01:52:57.302613,0
906bf762-33de-495a-a4b3-4f8421df6040,non-lazy class,"This code defines a class TransformerOptionsHook that is not considered lazy because it does not exhibit the typical characteristics of lazy programming such as deferred computation or delayed initialization. Instead, it appears to be a hook class for adding transformer options to models, which are applied immediately when the hooks are registered and applied.",v092__comfyui__transformeroptionshook__cea695cf702ebe9e__20260318_230846_943552.py,mistral:latest,python,TransformerOptionsHook,,lazy-class,"class TransformerOptionsHook(Hook):
    """"""
    Hook responsible for adding wrappers, callbacks, patches, or anything else related to transformer_options.
    """"""

    def __init__(self, transformers_dict: dict[str, dict[str, dict[str, list[Callable]]]]=None, hook_scope=EnumHookScope.AllConditioning):
        super().__init__(hook_type=EnumHookType.TransformerOptions)
        self.transformers_dict = transformers_dict
        self.hook_scope = hook_scope
        self._skip_adding = False
        'Internal value used to avoid double load of transformer_options when hook_scope is AllConditioning.'

    def clone(self):
        c: TransformerOptionsHook = super().clone()
        c.transformers_dict = self.transformers_dict
        c._skip_adding = self._skip_adding
        return c

    def add_hook_patches(self, model: ModelPatcher, model_options: dict, target_dict: dict[str], registered: HookGroup):
        if not self.should_register(model, model_options, target_dict, registered):
            return False
        self._skip_adding = False
        if self.hook_scope == EnumHookScope.AllConditioning:
            add_model_options = {'transformer_options': self.transformers_dict, 'to_load_options': self.transformers_dict}
            self._skip_adding = True
        else:
            add_model_options = {'to_load_options': self.transformers_dict}
        registered.add(self)
        comfy.patcher_extension.merge_nested_dicts(model_options, add_model_options, copy_dict1=False)
        return True

    def on_apply_hooks(self, model: ModelPatcher, transformer_options: dict[str]):
        if not self._skip_adding:
            comfy.patcher_extension.merge_nested_dicts(transformer_options, self.transformers_dict, copy_dict1=False)",zero-shot,"
                Classify the code as a lazy-class or a non-lazy-class 

                Code: class TransformerOptionsHook(Hook):
""""""
Hook responsible for adding wrappers, callbacks, patches, or anything else related to transformer_options.
""""""

def __init__(self, transformers_dict: dict[str, dict[str, dict[str, list[Callable]]]]=None, hook_scope=EnumHookScope.AllConditioning):
    super().__init__(hook_type=EnumHookType.TransformerOptions)
    self.transformers_dict = transformers_dict
    self.hook_scope = hook_scope
    self._skip_adding = False
    'Internal value used to avoid double load of transformer_options when hook_scope is AllConditioning.'

def clone(self):
    c: TransformerOptionsHook = super().clone()
    c.transformers_dict = self.transformers_dict
    c._skip_adding = self._skip_adding
    return c

def add_hook_patches(self, model: ModelPatcher, model_options: dict, target_dict: dict[str], registered: HookGroup):
    if not self.should_register(model, model_options, target_dict, registered):
        return False
    self._skip_adding = False
    if self.hook_scope == EnumHookScope.AllConditioning:
        add_model_options = {'transformer_options': self.transformers_dict, 'to_load_options': self.transformers_dict}
        self._skip_adding = True
    else:
        add_model_options = {'to_load_options': self.transformers_dict}
    registered.add(self)
    comfy.patcher_extension.merge_nested_dicts(model_options, add_model_options, copy_dict1=False)
    return True

def on_apply_hooks(self, model: ModelPatcher, transformer_options: dict[str]):
    if not self._skip_adding:
        comfy.patcher_extension.merge_nested_dicts(transformer_options, self.transformers_dict, copy_dict1=False)

                return the result as one of the following JSONs: {{""smell_type"":""lazy class""}} OR {{""smell_type"":""non-lazy class""}} AND {""explanation"":""your explication about this code""}
",False,"{""raw"": {""-"": {""loc"": 34, ""lloc"": 31, ""sloc"": 26, ""comments"": 0, ""multi"": 3, ""blank"": 4, ""single_comments"": 1}}, ""cc"": {""-"": [{""type"": ""class"", ""rank"": ""A"", ""name"": ""TransformerOptionsHook"", ""endline"": 34, ""lineno"": 1, ""col_offset"": 0, ""complexity"": 3, ""methods"": [{""type"": ""method"", ""rank"": ""A"", ""name"": ""__init__"", ""endline"": 11, ""lineno"": 6, ""classname"": ""TransformerOptionsHook"", ""col_offset"": 4, ""complexity"": 1, ""closures"": []}, {""type"": ""method"", ""rank"": ""A"", ""name"": ""clone"", ""endline"": 17, ""lineno"": 13, ""classname"": ""TransformerOptionsHook"", ""col_offset"": 4, ""complexity"": 1, ""closures"": []}, {""type"": ""method"", ""rank"": ""A"", ""name"": ""add_hook_patches"", ""endline"": 30, ""lineno"": 19, ""classname"": ""TransformerOptionsHook"", ""col_offset"": 4, ""complexity"": 3, ""closures"": []}, {""type"": ""method"", ""rank"": ""A"", ""name"": ""on_apply_hooks"", ""endline"": 34, ""lineno"": 32, ""classname"": ""TransformerOptionsHook"", ""col_offset"": 4, ""complexity"": 2, ""closures"": []}]}, {""type"": ""method"", ""rank"": ""A"", ""name"": ""add_hook_patches"", ""endline"": 30, ""lineno"": 19, ""classname"": ""TransformerOptionsHook"", ""col_offset"": 4, ""complexity"": 3, ""closures"": []}, {""type"": ""method"", ""rank"": ""A"", ""name"": ""on_apply_hooks"", ""endline"": 34, ""lineno"": 32, ""classname"": ""TransformerOptionsHook"", ""col_offset"": 4, ""complexity"": 2, ""closures"": []}, {""type"": ""method"", ""rank"": ""A"", ""name"": ""__init__"", ""endline"": 11, ""lineno"": 6, ""classname"": ""TransformerOptionsHook"", ""col_offset"": 4, ""complexity"": 1, ""closures"": []}, {""type"": ""method"", ""rank"": ""A"", ""name"": ""clone"", ""endline"": 17, ""lineno"": 13, ""classname"": ""TransformerOptionsHook"", ""col_offset"": 4, ""complexity"": 1, ""closures"": []}]}, ""mi"": {""-"": {""mi"": 76.50880665663067, ""rank"": ""A""}}, ""hal"": {""-"": {""total"": {""h1"": 2, ""h2"": 4, ""N1"": 3, ""N2"": 4, ""vocabulary"": 6, ""length"": 7, ""calculated_length"": 10.0, ""volume"": 18.094737505048094, ""difficulty"": 1.0, ""effort"": 18.094737505048094, ""time"": 1.0052631947248942, ""bugs"": 0.006031579168349364}, ""functions"": {""__init__"": {""h1"": 0, ""h2"": 0, ""N1"": 0, ""N2"": 0, ""vocabulary"": 0, ""length"": 0, ""calculated_length"": 0, ""volume"": 0, ""difficulty"": 0, ""effort"": 0, ""time"": 0.0, ""bugs"": 0.0}, ""clone"": {""h1"": 0, ""h2"": 0, ""N1"": 0, ""N2"": 0, ""vocabulary"": 0, ""length"": 0, ""calculated_length"": 0, ""volume"": 0, ""difficulty"": 0, ""effort"": 0, ""time"": 0.0, ""bugs"": 0.0}, ""add_hook_patches"": {""h1"": 2, ""h2"": 3, ""N1"": 2, ""N2"": 3, ""vocabulary"": 5, ""length"": 5, ""calculated_length"": 6.754887502163469, ""volume"": 11.60964047443681, ""difficulty"": 1.0, ""effort"": 11.60964047443681, ""time"": 0.6449800263576005, ""bugs"": 0.0038698801581456034}, ""on_apply_hooks"": {""h1"": 1, ""h2"": 1, ""N1"": 1, ""N2"": 1, ""vocabulary"": 2, ""length"": 2, ""calculated_length"": 0.0, ""volume"": 2.0, ""difficulty"": 0.5, ""effort"": 1.0, ""time"": 0.05555555555555555, ""bugs"": 0.0006666666666666666}}}}}",2026-03-22T01:52:59.042464,0
906bf762-33de-495a-a4b3-4f8421df6040,non-lazy class,"The provided code defines a class `HookKeyframeGroup` that manages a list of `HookKeyframe` objects. It appears to be non-lazy because it maintains an instance variable `_current_keyframe` which represents the current keyframe in use, and methods like `prepare_current_keyframe()` suggest that it processes keyframes sequentially as time (`curr_t`) advances.",v092__comfyui__hookkeyframegroup__87f5dfe943f268dc__20260318_230846_936780.py,mistral:latest,python,HookKeyframeGroup,,lazy-class,"class HookKeyframeGroup:

    def __init__(self):
        self.keyframes: list[HookKeyframe] = []
        self._current_keyframe: HookKeyframe = None
        self._current_used_steps = 0
        self._current_index = 0
        self._current_strength = None
        self._curr_t = -1.0

    @property
    def strength(self):
        if self._current_keyframe is not None:
            return self._current_keyframe.strength
        return 1.0

    def reset(self):
        self._current_keyframe = None
        self._current_used_steps = 0
        self._current_index = 0
        self._current_strength = None
        self.curr_t = -1.0
        self._set_first_as_current()

    def add(self, keyframe: HookKeyframe):
        self.keyframes.append(keyframe)
        self.keyframes = get_sorted_list_via_attr(self.keyframes, 'start_percent')
        self._set_first_as_current()

    def _set_first_as_current(self):
        if len(self.keyframes) > 0:
            self._current_keyframe = self.keyframes[0]
        else:
            self._current_keyframe = None

    def has_guarantee_steps(self):
        for kf in self.keyframes:
            if kf.guarantee_steps > 0:
                return True
        return False

    def has_index(self, index: int):
        return index >= 0 and index < len(self.keyframes)

    def is_empty(self):
        return len(self.keyframes) == 0

    def clone(self):
        c = HookKeyframeGroup()
        for keyframe in self.keyframes:
            c.keyframes.append(keyframe.clone())
        c._set_first_as_current()
        return c

    def initialize_timesteps(self, model: BaseModel):
        for keyframe in self.keyframes:
            keyframe.start_t = model.model_sampling.percent_to_sigma(keyframe.start_percent)

    def prepare_current_keyframe(self, curr_t: float, transformer_options: dict[str, torch.Tensor]) -> bool:
        if self.is_empty():
            return False
        if curr_t == self._curr_t:
            return False
        max_sigma = torch.max(transformer_options['sample_sigmas'])
        prev_index = self._current_index
        prev_strength = self._current_strength
        if self._current_used_steps >= self._current_keyframe.get_effective_guarantee_steps(max_sigma):
            if self.has_index(self._current_index + 1):
                for i in range(self._current_index + 1, len(self.keyframes)):
                    eval_c = self.keyframes[i]
                    if eval_c.start_t >= curr_t:
                        self._current_index = i
                        self._current_strength = eval_c.strength
                        self._current_keyframe = eval_c
                        self._current_used_steps = 0
                        if self._current_keyframe.get_effective_guarantee_steps(max_sigma) > 0:
                            break
                    else:
                        break
        self._current_used_steps += 1
        self._curr_t = curr_t
        return prev_index != self._current_index and prev_strength != self._current_strength",zero-shot,"
                Classify the code as a lazy-class or a non-lazy-class 

                Code: class HookKeyframeGroup:

def __init__(self):
    self.keyframes: list[HookKeyframe] = []
    self._current_keyframe: HookKeyframe = None
    self._current_used_steps = 0
    self._current_index = 0
    self._current_strength = None
    self._curr_t = -1.0

@property
def strength(self):
    if self._current_keyframe is not None:
        return self._current_keyframe.strength
    return 1.0

def reset(self):
    self._current_keyframe = None
    self._current_used_steps = 0
    self._current_index = 0
    self._current_strength = None
    self.curr_t = -1.0
    self._set_first_as_current()

def add(self, keyframe: HookKeyframe):
    self.keyframes.append(keyframe)
    self.keyframes = get_sorted_list_via_attr(self.keyframes, 'start_percent')
    self._set_first_as_current()

def _set_first_as_current(self):
    if len(self.keyframes) > 0:
        self._current_keyframe = self.keyframes[0]
    else:
        self._current_keyframe = None

def has_guarantee_steps(self):
    for kf in self.keyframes:
        if kf.guarantee_steps > 0:
            return True
    return False

def has_index(self, index: int):
    return index >= 0 and index < len(self.keyframes)

def is_empty(self):
    return len(self.keyframes) == 0

def clone(self):
    c = HookKeyframeGroup()
    for keyframe in self.keyframes:
        c.keyframes.append(keyframe.clone())
    c._set_first_as_current()
    return c

def initialize_timesteps(self, model: BaseModel):
    for keyframe in self.keyframes:
        keyframe.start_t = model.model_sampling.percent_to_sigma(keyframe.start_percent)

def prepare_current_keyframe(self, curr_t: float, transformer_options: dict[str, torch.Tensor]) -> bool:
    if self.is_empty():
        return False
    if curr_t == self._curr_t:
        return False
    max_sigma = torch.max(transformer_options['sample_sigmas'])
    prev_index = self._current_index
    prev_strength = self._current_strength
    if self._current_used_steps >= self._current_keyframe.get_effective_guarantee_steps(max_sigma):
        if self.has_index(self._current_index + 1):
            for i in range(self._current_index + 1, len(self.keyframes)):
                eval_c = self.keyframes[i]
                if eval_c.start_t >= curr_t:
                    self._current_index = i
                    self._current_strength = eval_c.strength
                    self._current_keyframe = eval_c
                    self._current_used_steps = 0
                    if self._current_keyframe.get_effective_guarantee_steps(max_sigma) > 0:
                        break
                else:
                    break
    self._current_used_steps += 1
    self._curr_t = curr_t
    return prev_index != self._current_index and prev_strength != self._current_strength

                return the result as one of the following JSONs: {{""smell_type"":""lazy class""}} OR {{""smell_type"":""non-lazy class""}} AND {""explanation"":""your explication about this code""}
",False,"{""raw"": {""-"": {""loc"": 82, ""lloc"": 73, ""sloc"": 71, ""comments"": 0, ""multi"": 0, ""blank"": 11, ""single_comments"": 0}}, ""cc"": {""-"": [{""type"": ""method"", ""rank"": ""B"", ""lineno"": 59, ""endline"": 82, ""col_offset"": 4, ""classname"": ""HookKeyframeGroup"", ""name"": ""prepare_current_keyframe"", ""complexity"": 9, ""closures"": []}, {""type"": ""class"", ""rank"": ""A"", ""lineno"": 1, ""endline"": 82, ""col_offset"": 0, ""name"": ""HookKeyframeGroup"", ""complexity"": 3, ""methods"": [{""type"": ""method"", ""rank"": ""A"", ""lineno"": 3, ""endline"": 9, ""col_offset"": 4, ""classname"": ""HookKeyframeGroup"", ""name"": ""__init__"", ""complexity"": 1, ""closures"": []}, {""type"": ""method"", ""rank"": ""A"", ""lineno"": 12, ""endline"": 15, ""col_offset"": 4, ""classname"": ""HookKeyframeGroup"", ""name"": ""strength"", ""complexity"": 2, ""closures"": []}, {""type"": ""method"", ""rank"": ""A"", ""lineno"": 17, ""endline"": 23, ""col_offset"": 4, ""classname"": ""HookKeyframeGroup"", ""name"": ""reset"", ""complexity"": 1, ""closures"": []}, {""type"": ""method"", ""rank"": ""A"", ""lineno"": 25, ""endline"": 28, ""col_offset"": 4, ""classname"": ""HookKeyframeGroup"", ""name"": ""add"", ""complexity"": 1, ""closures"": []}, {""type"": ""method"", ""rank"": ""A"", ""lineno"": 30, ""endline"": 34, ""col_offset"": 4, ""classname"": ""HookKeyframeGroup"", ""name"": ""_set_first_as_current"", ""complexity"": 2, ""closures"": []}, {""type"": ""method"", ""rank"": ""A"", ""lineno"": 36, ""endline"": 40, ""col_offset"": 4, ""classname"": ""HookKeyframeGroup"", ""name"": ""has_guarantee_steps"", ""complexity"": 3, ""closures"": []}, {""type"": ""method"", ""rank"": ""A"", ""lineno"": 42, ""endline"": 43, ""col_offset"": 4, ""classname"": ""HookKeyframeGroup"", ""name"": ""has_index"", ""complexity"": 2, ""closures"": []}, {""type"": ""method"", ""rank"": ""A"", ""lineno"": 45, ""endline"": 46, ""col_offset"": 4, ""classname"": ""HookKeyframeGroup"", ""name"": ""is_empty"", ""complexity"": 1, ""closures"": []}, {""type"": ""method"", ""rank"": ""A"", ""lineno"": 48, ""endline"": 53, ""col_offset"": 4, ""classname"": ""HookKeyframeGroup"", ""name"": ""clone"", ""complexity"": 2, ""closures"": []}, {""type"": ""method"", ""rank"": ""A"", ""lineno"": 55, ""endline"": 57, ""col_offset"": 4, ""classname"": ""HookKeyframeGroup"", ""name"": ""initialize_timesteps"", ""complexity"": 2, ""closures"": []}, {""type"": ""method"", ""rank"": ""B"", ""lineno"": 59, ""endline"": 82, ""col_offset"": 4, ""classname"": ""HookKeyframeGroup"", ""name"": ""prepare_current_keyframe"", ""complexity"": 9, ""closures"": []}]}, {""type"": ""method"", ""rank"": ""A"", ""lineno"": 36, ""endline"": 40, ""col_offset"": 4, ""classname"": ""HookKeyframeGroup"", ""name"": ""has_guarantee_steps"", ""complexity"": 3, ""closures"": []}, {""type"": ""method"", ""rank"": ""A"", ""lineno"": 12, ""endline"": 15, ""col_offset"": 4, ""classname"": ""HookKeyframeGroup"", ""name"": ""strength"", ""complexity"": 2, ""closures"": []}, {""type"": ""method"", ""rank"": ""A"", ""lineno"": 30, ""endline"": 34, ""col_offset"": 4, ""classname"": ""HookKeyframeGroup"", ""name"": ""_set_first_as_current"", ""complexity"": 2, ""closures"": []}, {""type"": ""method"", ""rank"": ""A"", ""lineno"": 42, ""endline"": 43, ""col_offset"": 4, ""classname"": ""HookKeyframeGroup"", ""name"": ""has_index"", ""complexity"": 2, ""closures"": []}, {""type"": ""method"", ""rank"": ""A"", ""lineno"": 48, ""endline"": 53, ""col_offset"": 4, ""classname"": ""HookKeyframeGroup"", ""name"": ""clone"", ""complexity"": 2, ""closures"": []}, {""type"": ""method"", ""rank"": ""A"", ""lineno"": 55, ""endline"": 57, ""col_offset"": 4, ""classname"": ""HookKeyframeGroup"", ""name"": ""initialize_timesteps"", ""complexity"": 2, ""closures"": []}, {""type"": ""method"", ""rank"": ""A"", ""lineno"": 3, ""endline"": 9, ""col_offset"": 4, ""classname"": ""HookKeyframeGroup"", ""name"": ""__init__"", ""complexity"": 1, ""closures"": []}, {""type"": ""method"", ""rank"": ""A"", ""lineno"": 17, ""endline"": 23, ""col_offset"": 4, ""classname"": ""HookKeyframeGroup"", ""name"": ""reset"", ""complexity"": 1, ""closures"": []}, {""type"": ""method"", ""rank"": ""A"", ""lineno"": 25, ""endline"": 28, ""col_offset"": 4, ""classname"": ""HookKeyframeGroup"", ""name"": ""add"", ""complexity"": 1, ""closures"": []}, {""type"": ""method"", ""rank"": ""A"", ""lineno"": 45, ""endline"": 46, ""col_offset"": 4, ""classname"": ""HookKeyframeGroup"", ""name"": ""is_empty"", ""complexity"": 1, ""closures"": []}]}, ""mi"": {""-"": {""mi"": 38.49455651796232, ""rank"": ""A""}}, ""hal"": {""-"": {""total"": {""h1"": 9, ""h2"": 29, ""N1"": 19, ""N2"": 36, ""vocabulary"": 38, ""length"": 55, ""calculated_length"": 169.41077387168042, ""volume"": 288.6360132393972, ""difficulty"": 5.586206896551724, ""effort"": 1612.3804877511154, ""time"": 89.57669376395086, ""bugs"": 0.0962120044131324}, ""functions"": {""__init__"": {""h1"": 1, ""h2"": 1, ""N1"": 1, ""N2"": 1, ""vocabulary"": 2, ""length"": 2, ""calculated_length"": 0.0, ""volume"": 2.0, ""difficulty"": 0.5, ""effort"": 1.0, ""time"": 0.05555555555555555, ""bugs"": 0.0006666666666666666}, ""strength"": {""h1"": 1, ""h2"": 2, ""N1"": 1, ""N2"": 2, ""vocabulary"": 3, ""length"": 3, ""calculated_length"": 2.0, ""volume"": 4.754887502163469, ""difficulty"": 0.5, ""effort"": 2.3774437510817346, ""time"": 0.1320802083934297, ""bugs"": 0.0015849625007211565}, ""reset"": {""h1"": 1, ""h2"": 1, ""N1"": 1, ""N2"": 1, ""vocabulary"": 2, ""length"": 2, ""calculated_length"": 0.0, ""volume"": 2.0, ""difficulty"": 0.5, ""effort"": 1.0, ""time"": 0.05555555555555555, ""bugs"": 0.0006666666666666666}, ""add"": {""h1"": 0, ""h2"": 0, ""N1"": 0, ""N2"": 0, ""vocabulary"": 0, ""length"": 0, ""calculated_length"": 0, ""volume"": 0, ""difficulty"": 0, ""effort"": 0, ""time"": 0.0, ""bugs"": 0.0}, ""_set_first_as_current"": {""h1"": 1, ""h2"": 2, ""N1"": 1, ""N2"": 2, ""vocabulary"": 3, ""length"": 3, ""calculated_length"": 2.0, ""volume"": 4.754887502163469, ""difficulty"": 0.5, ""effort"": 2.3774437510817346, ""time"": 0.1320802083934297, ""bugs"": 0.0015849625007211565}, ""has_guarantee_steps"": {""h1"": 1, ""h2"": 2, ""N1"": 1, ""N2"": 2, ""vocabulary"": 3, ""length"": 3, ""calculated_length"": 2.0, ""volume"": 4.754887502163469, ""difficulty"": 0.5, ""effort"": 2.3774437510817346, ""time"": 0.1320802083934297, ""bugs"": 0.0015849625007211565}, ""has_index"": {""h1"": 3, ""h2"": 5, ""N1"": 3, ""N2"": 6, ""vocabulary"": 8, ""length"": 9, ""calculated_length"": 16.36452797660028, ""volume"": 27.0, ""difficulty"": 1.8, ""effort"": 48.6, ""time"": 2.7, ""bugs"": 0.009}, ""is_empty"": {""h1"": 1, ""h2"": 2, ""N1"": 1, ""N2"": 2, ""vocabulary"": 3, ""length"": 3, ""calculated_length"": 2.0, ""volume"": 4.754887502163469, ""difficulty"": 0.5, ""effort"": 2.3774437510817346, ""time"": 0.1320802083934297, ""bugs"": 0.0015849625007211565}, ""clone"": {""h1"": 0, ""h2"": 0, ""N1"": 0, ""N2"": 0, ""vocabulary"": 0, ""length"": 0, ""calculated_length"": 0, ""volume"": 0, ""difficulty"": 0, ""effort"": 0, ""time"": 0.0, ""bugs"": 0.0}, ""initialize_timesteps"": {""h1"": 0, ""h2"": 0, ""N1"": 0, ""N2"": 0, ""vocabulary"": 0, ""length"": 0, ""calculated_length"": 0, ""volume"": 0, ""difficulty"": 0, ""effort"": 0, ""time"": 0.0, ""bugs"": 0.0}, ""prepare_current_keyframe"": {""h1"": 6, ""h2"": 14, ""N1"": 10, ""N2"": 20, ""vocabulary"": 20, ""length"": 30, ""calculated_length"": 68.81274391313339, ""volume"": 129.65784284662087, ""difficulty"": 4.285714285714286, ""effort"": 555.6764693426609, ""time"": 30.87091496348116, ""bugs"": 0.043219280948873624}}}}}",2026-03-22T01:53:00.326277,0
906bf762-33de-495a-a4b3-4f8421df6040,lazy class,"The VideoRecorderService class is considered lazy because it only starts the video writer when the start() method is called, and it continues to append frames to the video file as they are received. This means that the video recording process does not need to be initiated all at once, which can help manage memory usage and improve performance.",v0113__browser-use__videorecorderservice__8ee668c53e2fbf25__20260318_230846_937256.py,mistral:latest,python,VideoRecorderService,,lazy-class,"class VideoRecorderService:
    """"""
	Handles the video encoding process for a browser session using imageio.

	This service captures individual frames from the CDP screencast, decodes them,
	and appends them to a video file using a pip-installable ffmpeg backend.
	It automatically resizes frames to match the target video dimensions.
	""""""

    def __init__(self, output_path: Path, size: ViewportSize, framerate: int):
        """"""
		Initializes the video recorder.

		Args:
		    output_path: The full path where the video will be saved.
		    size: A ViewportSize object specifying the width and height of the video.
		    framerate: The desired framerate for the output video.
		""""""
        self.output_path = output_path
        self.size = size
        self.framerate = framerate
        self._writer: Optional['Format.Writer'] = None
        self._is_active = False
        self.padded_size = _get_padded_size(self.size)

    def start(self) -> None:
        """"""
		Prepares and starts the video writer.

		If the required optional dependencies are not installed, this method will
		log an error and do nothing.
		""""""
        if not IMAGEIO_AVAILABLE:
            logger.error('MP4 recording requires optional dependencies. Please install them with: pip install ""browser-use[video]""')
            return
        try:
            self.output_path.parent.mkdir(parents=True, exist_ok=True)
            self._writer = iio.get_writer(str(self.output_path), fps=self.framerate, codec='libx264', quality=8, pixelformat='yuv420p', macro_block_size=None)
            self._is_active = True
            logger.debug(f'Video recorder started. Output will be saved to {self.output_path}')
        except Exception as e:
            logger.error(f'Failed to initialize video writer: {e}')
            self._is_active = False

    def add_frame(self, frame_data_b64: str) -> None:
        """"""
		Decodes a base64-encoded PNG frame, resizes it, pads it to be codec-compatible,
		and appends it to the video.

		Args:
		    frame_data_b64: A base64-encoded string of the PNG frame data.
		""""""
        if not self._is_active or not self._writer:
            return
        try:
            frame_bytes = base64.b64decode(frame_data_b64)
            with Image.open(io.BytesIO(frame_bytes)) as img:
                if img.size != (self.size['width'], self.size['height']):
                    img = img.resize((self.size['width'], self.size['height']), Image.Resampling.BICUBIC)
                if self.padded_size['width'] != self.size['width'] or self.padded_size['height'] != self.size['height']:
                    new_img = Image.new('RGB', (self.padded_size['width'], self.padded_size['height']), (0, 0, 0))
                    x_offset = (self.padded_size['width'] - self.size['width']) // 2
                    y_offset = (self.padded_size['height'] - self.size['height']) // 2
                    new_img.paste(img, (x_offset, y_offset))
                    img = new_img
                img_array = np.array(img)
            self._writer.append_data(img_array)
        except Exception as e:
            logger.warning(f'Could not process and add video frame: {e}')

    def stop_and_save(self) -> None:
        """"""
		Finalizes the video file by closing the writer.

		This method should be called when the recording session is complete.
		""""""
        if not self._is_active or not self._writer:
            return
        try:
            self._writer.close()
            logger.info(f'📹 Video recording saved successfully to: {self.output_path}')
        except Exception as e:
            logger.error(f'Failed to finalize and save video: {e}')
        finally:
            self._is_active = False
            self._writer = None",zero-shot,"
                    Classify the code as a lazy-class or a non-lazy-class 

                    Code: class VideoRecorderService:
    """"""
	Handles the video encoding process for a browser session using imageio.

	This service captures individual frames from the CDP screencast, decodes them,
	and appends them to a video file using a pip-installable ffmpeg backend.
	It automatically resizes frames to match the target video dimensions.
	""""""

    def __init__(self, output_path: Path, size: ViewportSize, framerate: int):
        """"""
		Initializes the video recorder.

		Args:
		    output_path: The full path where the video will be saved.
		    size: A ViewportSize object specifying the width and height of the video.
		    framerate: The desired framerate for the output video.
		""""""
        self.output_path = output_path
        self.size = size
        self.framerate = framerate
        self._writer: Optional['Format.Writer'] = None
        self._is_active = False
        self.padded_size = _get_padded_size(self.size)

    def start(self) -> None:
        """"""
		Prepares and starts the video writer.

		If the required optional dependencies are not installed, this method will
		log an error and do nothing.
		""""""
        if not IMAGEIO_AVAILABLE:
            logger.error('MP4 recording requires optional dependencies. Please install them with: pip install ""browser-use[video]""')
            return
        try:
            self.output_path.parent.mkdir(parents=True, exist_ok=True)
            self._writer = iio.get_writer(str(self.output_path), fps=self.framerate, codec='libx264', quality=8, pixelformat='yuv420p', macro_block_size=None)
            self._is_active = True
            logger.debug(f'Video recorder started. Output will be saved to {self.output_path}')
        except Exception as e:
            logger.error(f'Failed to initialize video writer: {e}')
            self._is_active = False

    def add_frame(self, frame_data_b64: str) -> None:
        """"""
		Decodes a base64-encoded PNG frame, resizes it, pads it to be codec-compatible,
		and appends it to the video.

		Args:
		    frame_data_b64: A base64-encoded string of the PNG frame data.
		""""""
        if not self._is_active or not self._writer:
            return
        try:
            frame_bytes = base64.b64decode(frame_data_b64)
            with Image.open(io.BytesIO(frame_bytes)) as img:
                if img.size != (self.size['width'], self.size['height']):
                    img = img.resize((self.size['width'], self.size['height']), Image.Resampling.BICUBIC)
                if self.padded_size['width'] != self.size['width'] or self.padded_size['height'] != self.size['height']:
                    new_img = Image.new('RGB', (self.padded_size['width'], self.padded_size['height']), (0, 0, 0))
                    x_offset = (self.padded_size['width'] - self.size['width']) // 2
                    y_offset = (self.padded_size['height'] - self.size['height']) // 2
                    new_img.paste(img, (x_offset, y_offset))
                    img = new_img
                img_array = np.array(img)
            self._writer.append_data(img_array)
        except Exception as e:
            logger.warning(f'Could not process and add video frame: {e}')

    def stop_and_save(self) -> None:
        """"""
		Finalizes the video file by closing the writer.

		This method should be called when the recording session is complete.
		""""""
        if not self._is_active or not self._writer:
            return
        try:
            self._writer.close()
            logger.info(f'📹 Video recording saved successfully to: {self.output_path}')
        except Exception as e:
            logger.error(f'Failed to finalize and save video: {e}')
        finally:
            self._is_active = False
            self._writer = None

                    return the result as one of the following JSONs: {{""smell_type"":""lazy class""}} OR {{""smell_type"":""non-lazy class""}} AND {""explanation"":""your explication about this code""}
",False,"{""raw"": {""-"": {""loc"": 86, ""lloc"": 55, ""sloc"": 49, ""comments"": 0, ""multi"": 28, ""blank"": 9, ""single_comments"": 0}}, ""cc"": {""-"": [{""type"": ""method"", ""rank"": ""B"", ""complexity"": 7, ""endline"": 69, ""classname"": ""VideoRecorderService"", ""name"": ""add_frame"", ""col_offset"": 4, ""lineno"": 45, ""closures"": []}, {""type"": ""class"", ""rank"": ""A"", ""complexity"": 5, ""endline"": 86, ""name"": ""VideoRecorderService"", ""col_offset"": 0, ""lineno"": 1, ""methods"": [{""type"": ""method"", ""rank"": ""A"", ""complexity"": 1, ""endline"": 24, ""classname"": ""VideoRecorderService"", ""name"": ""__init__"", ""col_offset"": 4, ""lineno"": 10, ""closures"": []}, {""type"": ""method"", ""rank"": ""A"", ""complexity"": 3, ""endline"": 43, ""classname"": ""VideoRecorderService"", ""name"": ""start"", ""col_offset"": 4, ""lineno"": 26, ""closures"": []}, {""type"": ""method"", ""rank"": ""B"", ""complexity"": 7, ""endline"": 69, ""classname"": ""VideoRecorderService"", ""name"": ""add_frame"", ""col_offset"": 4, ""lineno"": 45, ""closures"": []}, {""type"": ""method"", ""rank"": ""A"", ""complexity"": 4, ""endline"": 86, ""classname"": ""VideoRecorderService"", ""name"": ""stop_and_save"", ""col_offset"": 4, ""lineno"": 71, ""closures"": []}]}, {""type"": ""method"", ""rank"": ""A"", ""complexity"": 4, ""endline"": 86, ""classname"": ""VideoRecorderService"", ""name"": ""stop_and_save"", ""col_offset"": 4, ""lineno"": 71, ""closures"": []}, {""type"": ""method"", ""rank"": ""A"", ""complexity"": 3, ""endline"": 43, ""classname"": ""VideoRecorderService"", ""name"": ""start"", ""col_offset"": 4, ""lineno"": 26, ""closures"": []}, {""type"": ""method"", ""rank"": ""A"", ""complexity"": 1, ""endline"": 24, ""classname"": ""VideoRecorderService"", ""name"": ""__init__"", ""col_offset"": 4, ""lineno"": 10, ""closures"": []}]}, ""mi"": {""-"": {""mi"": 73.0990026517388, ""rank"": ""A""}}, ""hal"": {""-"": {""total"": {""h1"": 5, ""h2"": 24, ""N1"": 15, ""N2"": 25, ""vocabulary"": 29, ""length"": 40, ""calculated_length"": 121.64874049174458, ""volume"": 194.3192398051029, ""difficulty"": 2.6041666666666665, ""effort"": 506.0396869924555, ""time"": 28.113315944025302, ""bugs"": 0.0647730799350343}, ""functions"": {""__init__"": {""h1"": 0, ""h2"": 0, ""N1"": 0, ""N2"": 0, ""vocabulary"": 0, ""length"": 0, ""calculated_length"": 0, ""volume"": 0, ""difficulty"": 0, ""effort"": 0, ""time"": 0.0, ""bugs"": 0.0}, ""start"": {""h1"": 1, ""h2"": 1, ""N1"": 1, ""N2"": 1, ""vocabulary"": 2, ""length"": 2, ""calculated_length"": 0.0, ""volume"": 2.0, ""difficulty"": 0.5, ""effort"": 1.0, ""time"": 0.05555555555555555, ""bugs"": 0.0006666666666666666}, ""add_frame"": {""h1"": 5, ""h2"": 19, ""N1"": 11, ""N2"": 20, ""vocabulary"": 24, ""length"": 31, ""calculated_length"": 92.32026322986493, ""volume"": 142.13383752235586, ""difficulty"": 2.6315789473684212, ""effort"": 374.03641453251544, ""time"": 20.77980080736197, ""bugs"": 0.047377945840785286}, ""stop_and_save"": {""h1"": 2, ""h2"": 4, ""N1"": 3, ""N2"": 4, ""vocabulary"": 6, ""length"": 7, ""calculated_length"": 10.0, ""volume"": 18.094737505048094, ""difficulty"": 1.0, ""effort"": 18.094737505048094, ""time"": 1.0052631947248942, ""bugs"": 0.006031579168349364}}}}}",2026-03-22T01:53:02.192132,0
906bf762-33de-495a-a4b3-4f8421df6040,lazy class,"This class, `PartialRender`, is designed to delay the execution of certain parts of a template until after the initial render. This makes it a lazy-class as it defers some operations until later in the process.",v291__pytorch__partialrender__78f270daa5e2e396__20260318_230846_941918.py,mistral:latest,python,PartialRender,,lazy-class,"class PartialRender:
    """"""
    Some parts of a template need to be generated at the end, but
    inserted into the template at the start.  This allows doing a bunch
    of replacements after the initial render.
    """"""
    HookFn = Callable[[], str]

    def __init__(self, code: str, replacement_hooks: dict[str, Optional[HookFn]]) -> None:
        super().__init__()
        self._code: str = code
        self.replacement_hooks: dict[str, Optional[PartialRender.HookFn]] = replacement_hooks

    @property
    def code(self) -> str:
        """"""
        The fully rendered code. Will **error** if any hooks have yet to be
        finalized.
        """"""
        remaining_active_hooks = [key for (key, fn) in self.replacement_hooks.items() if fn is not None]
        assert len(remaining_active_hooks) == 0, f'The following hooks have not yet been finalized:\n remaining_active_hooks={remaining_active_hooks!r}'
        return self._code

    def finalize_hook(self, hook_key: str, strict: bool=True) -> None:
        """"""
        Finalize a hook by name.

        :param strict: If ``True``, raise an error if the hook wasn't found.

        NOTE: Will **error** if the hook has already been finalized.
        """"""
        if hook_key not in self.replacement_hooks:
            if strict:
                raise RuntimeError(f'{hook_key} not registered in self.replacement_hooks')
            else:
                return
        hook = self.replacement_hooks[hook_key]
        assert hook is not None, f'Hook key {hook_key} can only be called once'
        self._code = self._code.replace(hook_key, hook())
        self.replacement_hooks[hook_key] = None

    def finalize_remaining(self) -> str:
        """"""
        Finalize the remaining active hooks. This function can be used in cases
        where the caller uses `finalize_hook` rather than `finalize_all`.
        Note: `finalize_all` errors if a hook that has already been finalized
        is attempted to be called again. This function only attempts to
        finalize active hooks.
        """"""
        for (key, fn) in self.replacement_hooks.items():
            if fn is not None:
                self.finalize_hook(key)
        return self.code

    def finalize_all(self) -> str:
        """"""
        Finalize all active hooks.

        NOTE: unlike ``finalize_remaining``, this method will **error** if any
        hook has already been finalized.
        """"""
        for key in self.replacement_hooks:
            self.finalize_hook(key)
        return self.code",zero-shot,"
                Classify the code as a lazy-class or a non-lazy-class 

                Code: class PartialRender:
""""""
Some parts of a template need to be generated at the end, but
inserted into the template at the start.  This allows doing a bunch
of replacements after the initial render.
""""""
HookFn = Callable[[], str]

def __init__(self, code: str, replacement_hooks: dict[str, Optional[HookFn]]) -> None:
    super().__init__()
    self._code: str = code
    self.replacement_hooks: dict[str, Optional[PartialRender.HookFn]] = replacement_hooks

@property
def code(self) -> str:
    """"""
    The fully rendered code. Will **error** if any hooks have yet to be
    finalized.
    """"""
    remaining_active_hooks = [key for (key, fn) in self.replacement_hooks.items() if fn is not None]
    assert len(remaining_active_hooks) == 0, f'The following hooks have not yet been finalized:\n remaining_active_hooks={remaining_active_hooks!r}'
    return self._code

def finalize_hook(self, hook_key: str, strict: bool=True) -> None:
    """"""
    Finalize a hook by name.

    :param strict: If ``True``, raise an error if the hook wasn't found.

    NOTE: Will **error** if the hook has already been finalized.
    """"""
    if hook_key not in self.replacement_hooks:
        if strict:
            raise RuntimeError(f'{hook_key} not registered in self.replacement_hooks')
        else:
            return
    hook = self.replacement_hooks[hook_key]
    assert hook is not None, f'Hook key {hook_key} can only be called once'
    self._code = self._code.replace(hook_key, hook())
    self.replacement_hooks[hook_key] = None

def finalize_remaining(self) -> str:
    """"""
    Finalize the remaining active hooks. This function can be used in cases
    where the caller uses `finalize_hook` rather than `finalize_all`.
    Note: `finalize_all` errors if a hook that has already been finalized
    is attempted to be called again. This function only attempts to
    finalize active hooks.
    """"""
    for (key, fn) in self.replacement_hooks.items():
        if fn is not None:
            self.finalize_hook(key)
    return self.code

def finalize_all(self) -> str:
    """"""
    Finalize all active hooks.

    NOTE: unlike ``finalize_remaining``, this method will **error** if any
    hook has already been finalized.
    """"""
    for key in self.replacement_hooks:
        self.finalize_hook(key)
    return self.code

                return the result as one of the following JSONs: {{""smell_type"":""lazy class""}} OR {{""smell_type"":""non-lazy class""}} AND {""explanation"":""your explication about this code""}
",False,"{""raw"": {""-"": {""loc"": 64, ""lloc"": 37, ""sloc"": 30, ""comments"": 0, ""multi"": 26, ""blank"": 8, ""single_comments"": 0}}, ""cc"": {""-"": [{""type"": ""class"", ""rank"": ""A"", ""name"": ""PartialRender"", ""col_offset"": 0, ""endline"": 64, ""lineno"": 1, ""complexity"": 4, ""methods"": [{""type"": ""method"", ""rank"": ""A"", ""name"": ""__init__"", ""classname"": ""PartialRender"", ""col_offset"": 4, ""endline"": 12, ""lineno"": 9, ""complexity"": 1, ""closures"": []}, {""type"": ""method"", ""rank"": ""A"", ""name"": ""code"", ""classname"": ""PartialRender"", ""col_offset"": 4, ""endline"": 22, ""lineno"": 15, ""complexity"": 4, ""closures"": []}, {""type"": ""method"", ""rank"": ""A"", ""name"": ""finalize_hook"", ""classname"": ""PartialRender"", ""col_offset"": 4, ""endline"": 40, ""lineno"": 24, ""complexity"": 4, ""closures"": []}, {""type"": ""method"", ""rank"": ""A"", ""name"": ""finalize_remaining"", ""classname"": ""PartialRender"", ""col_offset"": 4, ""endline"": 53, ""lineno"": 42, ""complexity"": 3, ""closures"": []}, {""type"": ""method"", ""rank"": ""A"", ""name"": ""finalize_all"", ""classname"": ""PartialRender"", ""col_offset"": 4, ""endline"": 64, ""lineno"": 55, ""complexity"": 2, ""closures"": []}]}, {""type"": ""method"", ""rank"": ""A"", ""name"": ""code"", ""classname"": ""PartialRender"", ""col_offset"": 4, ""endline"": 22, ""lineno"": 15, ""complexity"": 4, ""closures"": []}, {""type"": ""method"", ""rank"": ""A"", ""name"": ""finalize_hook"", ""classname"": ""PartialRender"", ""col_offset"": 4, ""endline"": 40, ""lineno"": 24, ""complexity"": 4, ""closures"": []}, {""type"": ""method"", ""rank"": ""A"", ""name"": ""finalize_remaining"", ""classname"": ""PartialRender"", ""col_offset"": 4, ""endline"": 53, ""lineno"": 42, ""complexity"": 3, ""closures"": []}, {""type"": ""method"", ""rank"": ""A"", ""name"": ""finalize_all"", ""classname"": ""PartialRender"", ""col_offset"": 4, ""endline"": 64, ""lineno"": 55, ""complexity"": 2, ""closures"": []}, {""type"": ""method"", ""rank"": ""A"", ""name"": ""__init__"", ""classname"": ""PartialRender"", ""col_offset"": 4, ""endline"": 12, ""lineno"": 9, ""complexity"": 1, ""closures"": []}]}, ""mi"": {""-"": {""mi"": 78.94369674061524, ""rank"": ""A""}}, ""hal"": {""-"": {""total"": {""h1"": 3, ""h2"": 10, ""N1"": 5, ""N2"": 10, ""vocabulary"": 13, ""length"": 15, ""calculated_length"": 37.974168451037094, ""volume"": 55.506595772116384, ""difficulty"": 1.5, ""effort"": 83.25989365817458, ""time"": 4.625549647676365, ""bugs"": 0.01850219859070546}, ""functions"": {""__init__"": {""h1"": 0, ""h2"": 0, ""N1"": 0, ""N2"": 0, ""vocabulary"": 0, ""length"": 0, ""calculated_length"": 0, ""volume"": 0, ""difficulty"": 0, ""effort"": 0, ""time"": 0.0, ""bugs"": 0.0}, ""code"": {""h1"": 2, ""h2"": 4, ""N1"": 2, ""N2"": 4, ""vocabulary"": 6, ""length"": 6, ""calculated_length"": 10.0, ""volume"": 15.509775004326936, ""difficulty"": 1.0, ""effort"": 15.509775004326936, ""time"": 0.861654166907052, ""bugs"": 0.005169925001442312}, ""finalize_hook"": {""h1"": 2, ""h2"": 4, ""N1"": 2, ""N2"": 4, ""vocabulary"": 6, ""length"": 6, ""calculated_length"": 10.0, ""volume"": 15.509775004326936, ""difficulty"": 1.0, ""effort"": 15.509775004326936, ""time"": 0.861654166907052, ""bugs"": 0.005169925001442312}, ""finalize_remaining"": {""h1"": 1, ""h2"": 2, ""N1"": 1, ""N2"": 2, ""vocabulary"": 3, ""length"": 3, ""calculated_length"": 2.0, ""volume"": 4.754887502163469, ""difficulty"": 0.5, ""effort"": 2.3774437510817346, ""time"": 0.1320802083934297, ""bugs"": 0.0015849625007211565}, ""finalize_all"": {""h1"": 0, ""h2"": 0, ""N1"": 0, ""N2"": 0, ""vocabulary"": 0, ""length"": 0, ""calculated_length"": 0, ""volume"": 0, ""difficulty"": 0, ""effort"": 0, ""time"": 0.0, ""bugs"": 0.0}}}}}",2026-03-22T01:53:02.945060,0
906bf762-33de-495a-a4b3-4f8421df6040,non-lazy class,This code defines a class InlineModelAdminChecks that extends BaseModelAdminChecks. The methods within this class are not inherently lazy as they perform checks and validations for inline objects in Django's admin interface. They do not exhibit any characteristics of lazy programming such as deferring computation or data loading until it is needed.,v601__django__inlinemodeladminchecks__9e55057ed084f335__20260318_230846_942070.py,mistral:latest,python,InlineModelAdminChecks,,lazy-class,"class InlineModelAdminChecks(BaseModelAdminChecks):

    def check(self, inline_obj, **kwargs):
        parent_model = inline_obj.parent_model
        return [*super().check(inline_obj), *self._check_relation(inline_obj, parent_model), *self._check_exclude_of_parent_model(inline_obj, parent_model), *self._check_extra(inline_obj), *self._check_max_num(inline_obj), *self._check_min_num(inline_obj), *self._check_formset(inline_obj)]

    def _check_exclude_of_parent_model(self, obj, parent_model):
        errors = super()._check_exclude(obj)
        if errors:
            return []
        if self._check_relation(obj, parent_model):
            return []
        if obj.exclude is None:
            return []
        fk = _get_foreign_key(parent_model, obj.model, fk_name=obj.fk_name)
        if fk.name in obj.exclude:
            return [checks.Error(""Cannot exclude the field '%s', because it is the foreign key to the parent model '%s'."" % (fk.name, parent_model._meta.label), obj=obj.__class__, id='admin.E201')]
        else:
            return []

    def _check_relation(self, obj, parent_model):
        try:
            _get_foreign_key(parent_model, obj.model, fk_name=obj.fk_name)
        except ValueError as e:
            return [checks.Error(e.args[0], obj=obj.__class__, id='admin.E202')]
        else:
            return []

    def _check_extra(self, obj):
        """"""Check that extra is an integer.""""""
        if not isinstance(obj.extra, int):
            return must_be('an integer', option='extra', obj=obj, id='admin.E203')
        else:
            return []

    def _check_max_num(self, obj):
        """"""Check that max_num is an integer.""""""
        if obj.max_num is None:
            return []
        elif not isinstance(obj.max_num, int):
            return must_be('an integer', option='max_num', obj=obj, id='admin.E204')
        else:
            return []

    def _check_min_num(self, obj):
        """"""Check that min_num is an integer.""""""
        if obj.min_num is None:
            return []
        elif not isinstance(obj.min_num, int):
            return must_be('an integer', option='min_num', obj=obj, id='admin.E205')
        else:
            return []

    def _check_formset(self, obj):
        """"""Check formset is a subclass of BaseModelFormSet.""""""
        if not _issubclass(obj.formset, BaseModelFormSet):
            return must_inherit_from(parent='BaseModelFormSet', option='formset', obj=obj, id='admin.E206')
        else:
            return []",zero-shot,"
                Classify the code as a lazy-class or a non-lazy-class 

                Code: class InlineModelAdminChecks(BaseModelAdminChecks):

def check(self, inline_obj, **kwargs):
    parent_model = inline_obj.parent_model
    return [*super().check(inline_obj), *self._check_relation(inline_obj, parent_model), *self._check_exclude_of_parent_model(inline_obj, parent_model), *self._check_extra(inline_obj), *self._check_max_num(inline_obj), *self._check_min_num(inline_obj), *self._check_formset(inline_obj)]

def _check_exclude_of_parent_model(self, obj, parent_model):
    errors = super()._check_exclude(obj)
    if errors:
        return []
    if self._check_relation(obj, parent_model):
        return []
    if obj.exclude is None:
        return []
    fk = _get_foreign_key(parent_model, obj.model, fk_name=obj.fk_name)
    if fk.name in obj.exclude:
        return [checks.Error(""Cannot exclude the field '%s', because it is the foreign key to the parent model '%s'."" % (fk.name, parent_model._meta.label), obj=obj.__class__, id='admin.E201')]
    else:
        return []

def _check_relation(self, obj, parent_model):
    try:
        _get_foreign_key(parent_model, obj.model, fk_name=obj.fk_name)
    except ValueError as e:
        return [checks.Error(e.args[0], obj=obj.__class__, id='admin.E202')]
    else:
        return []

def _check_extra(self, obj):
    """"""Check that extra is an integer.""""""
    if not isinstance(obj.extra, int):
        return must_be('an integer', option='extra', obj=obj, id='admin.E203')
    else:
        return []

def _check_max_num(self, obj):
    """"""Check that max_num is an integer.""""""
    if obj.max_num is None:
        return []
    elif not isinstance(obj.max_num, int):
        return must_be('an integer', option='max_num', obj=obj, id='admin.E204')
    else:
        return []

def _check_min_num(self, obj):
    """"""Check that min_num is an integer.""""""
    if obj.min_num is None:
        return []
    elif not isinstance(obj.min_num, int):
        return must_be('an integer', option='min_num', obj=obj, id='admin.E205')
    else:
        return []

def _check_formset(self, obj):
    """"""Check formset is a subclass of BaseModelFormSet.""""""
    if not _issubclass(obj.formset, BaseModelFormSet):
        return must_inherit_from(parent='BaseModelFormSet', option='formset', obj=obj, id='admin.E206')
    else:
        return []

                return the result as one of the following JSONs: {{""smell_type"":""lazy class""}} OR {{""smell_type"":""non-lazy class""}} AND {""explanation"":""your explication about this code""}
",False,"{""raw"": {""-"": {""loc"": 59, ""lloc"": 52, ""sloc"": 48, ""comments"": 0, ""multi"": 0, ""blank"": 7, ""single_comments"": 4}}, ""cc"": {""-"": [{""type"": ""method"", ""rank"": ""A"", ""complexity"": 5, ""classname"": ""InlineModelAdminChecks"", ""lineno"": 7, ""endline"": 19, ""name"": ""_check_exclude_of_parent_model"", ""col_offset"": 4, ""closures"": []}, {""type"": ""class"", ""rank"": ""A"", ""complexity"": 3, ""lineno"": 1, ""endline"": 59, ""name"": ""InlineModelAdminChecks"", ""col_offset"": 0, ""methods"": [{""type"": ""method"", ""rank"": ""A"", ""complexity"": 1, ""classname"": ""InlineModelAdminChecks"", ""lineno"": 3, ""endline"": 5, ""name"": ""check"", ""col_offset"": 4, ""closures"": []}, {""type"": ""method"", ""rank"": ""A"", ""complexity"": 5, ""classname"": ""InlineModelAdminChecks"", ""lineno"": 7, ""endline"": 19, ""name"": ""_check_exclude_of_parent_model"", ""col_offset"": 4, ""closures"": []}, {""type"": ""method"", ""rank"": ""A"", ""complexity"": 3, ""classname"": ""InlineModelAdminChecks"", ""lineno"": 21, ""endline"": 27, ""name"": ""_check_relation"", ""col_offset"": 4, ""closures"": []}, {""type"": ""method"", ""rank"": ""A"", ""complexity"": 2, ""classname"": ""InlineModelAdminChecks"", ""lineno"": 29, ""endline"": 34, ""name"": ""_check_extra"", ""col_offset"": 4, ""closures"": []}, {""type"": ""method"", ""rank"": ""A"", ""complexity"": 3, ""classname"": ""InlineModelAdminChecks"", ""lineno"": 36, ""endline"": 43, ""name"": ""_check_max_num"", ""col_offset"": 4, ""closures"": []}, {""type"": ""method"", ""rank"": ""A"", ""complexity"": 3, ""classname"": ""InlineModelAdminChecks"", ""lineno"": 45, ""endline"": 52, ""name"": ""_check_min_num"", ""col_offset"": 4, ""closures"": []}, {""type"": ""method"", ""rank"": ""A"", ""complexity"": 2, ""classname"": ""InlineModelAdminChecks"", ""lineno"": 54, ""endline"": 59, ""name"": ""_check_formset"", ""col_offset"": 4, ""closures"": []}]}, {""type"": ""method"", ""rank"": ""A"", ""complexity"": 3, ""classname"": ""InlineModelAdminChecks"", ""lineno"": 21, ""endline"": 27, ""name"": ""_check_relation"", ""col_offset"": 4, ""closures"": []}, {""type"": ""method"", ""rank"": ""A"", ""complexity"": 3, ""classname"": ""InlineModelAdminChecks"", ""lineno"": 36, ""endline"": 43, ""name"": ""_check_max_num"", ""col_offset"": 4, ""closures"": []}, {""type"": ""method"", ""rank"": ""A"", ""complexity"": 3, ""classname"": ""InlineModelAdminChecks"", ""lineno"": 45, ""endline"": 52, ""name"": ""_check_min_num"", ""col_offset"": 4, ""closures"": []}, {""type"": ""method"", ""rank"": ""A"", ""complexity"": 2, ""classname"": ""InlineModelAdminChecks"", ""lineno"": 29, ""endline"": 34, ""name"": ""_check_extra"", ""col_offset"": 4, ""closures"": []}, {""type"": ""method"", ""rank"": ""A"", ""complexity"": 2, ""classname"": ""InlineModelAdminChecks"", ""lineno"": 54, ""endline"": 59, ""name"": ""_check_formset"", ""col_offset"": 4, ""closures"": []}, {""type"": ""method"", ""rank"": ""A"", ""complexity"": 1, ""classname"": ""InlineModelAdminChecks"", ""lineno"": 3, ""endline"": 5, ""name"": ""check"", ""col_offset"": 4, ""closures"": []}]}, ""mi"": {""-"": {""mi"": 46.0608624095297, ""rank"": ""A""}}, ""hal"": {""-"": {""total"": {""h1"": 4, ""h2"": 13, ""N1"": 9, ""N2"": 14, ""vocabulary"": 17, ""length"": 23, ""calculated_length"": 56.105716335834195, ""volume"": 94.01164534875782, ""difficulty"": 2.1538461538461537, ""effort"": 202.48662075117068, ""time"": 11.24925670839837, ""bugs"": 0.031337215116252606}, ""functions"": {""check"": {""h1"": 0, ""h2"": 0, ""N1"": 0, ""N2"": 0, ""vocabulary"": 0, ""length"": 0, ""calculated_length"": 0, ""volume"": 0, ""difficulty"": 0, ""effort"": 0, ""time"": 0.0, ""bugs"": 0.0}, ""_check_exclude_of_parent_model"": {""h1"": 3, ""h2"": 5, ""N1"": 3, ""N2"": 6, ""vocabulary"": 8, ""length"": 9, ""calculated_length"": 16.36452797660028, ""volume"": 27.0, ""difficulty"": 1.8, ""effort"": 48.6, ""time"": 2.7, ""bugs"": 0.009}, ""_check_relation"": {""h1"": 0, ""h2"": 0, ""N1"": 0, ""N2"": 0, ""vocabulary"": 0, ""length"": 0, ""calculated_length"": 0, ""volume"": 0, ""difficulty"": 0, ""effort"": 0, ""time"": 0.0, ""bugs"": 0.0}, ""_check_extra"": {""h1"": 1, ""h2"": 1, ""N1"": 1, ""N2"": 1, ""vocabulary"": 2, ""length"": 2, ""calculated_length"": 0.0, ""volume"": 2.0, ""difficulty"": 0.5, ""effort"": 1.0, ""time"": 0.05555555555555555, ""bugs"": 0.0006666666666666666}, ""_check_max_num"": {""h1"": 2, ""h2"": 3, ""N1"": 2, ""N2"": 3, ""vocabulary"": 5, ""length"": 5, ""calculated_length"": 6.754887502163469, ""volume"": 11.60964047443681, ""difficulty"": 1.0, ""effort"": 11.60964047443681, ""time"": 0.6449800263576005, ""bugs"": 0.0038698801581456034}, ""_check_min_num"": {""h1"": 2, ""h2"": 3, ""N1"": 2, ""N2"": 3, ""vocabulary"": 5, ""length"": 5, ""calculated_length"": 6.754887502163469, ""volume"": 11.60964047443681, ""difficulty"": 1.0, ""effort"": 11.60964047443681, ""time"": 0.6449800263576005, ""bugs"": 0.0038698801581456034}, ""_check_formset"": {""h1"": 1, ""h2"": 1, ""N1"": 1, ""N2"": 1, ""vocabulary"": 2, ""length"": 2, ""calculated_length"": 0.0, ""volume"": 2.0, ""difficulty"": 0.5, ""effort"": 1.0, ""time"": 0.05555555555555555, ""bugs"": 0.0006666666666666666}}}}}",2026-03-22T01:53:04.187905,0
906bf762-33de-495a-a4b3-4f8421df6040,non-lazy class,"This class, EarlyStoppingCallback, is not a lazy class. It's designed to be used during the training process of a machine learning model. It checks the performance metric at specified intervals and stops the training if the metric does not improve for a certain number of evaluations (early_stopping_patience). This behavior indicates that it's actively participating in the training loop, which is characteristic of non-lazy classes.",v4576__transformers__earlystoppingcallback__a36752c512978a26__20260318_230846_939222.py,mistral:latest,python,EarlyStoppingCallback,,lazy-class,"class EarlyStoppingCallback(TrainerCallback, ExportableState):
    """"""
    A [`TrainerCallback`] that handles early stopping.

    Args:
        early_stopping_patience (`int`):
            Use with `metric_for_best_model` to stop training when the specified metric worsens for
            `early_stopping_patience` evaluation calls.
        early_stopping_threshold(`float`, *optional*):
            Use with TrainingArguments `metric_for_best_model` and `early_stopping_patience` to denote how much the
            specified metric must improve to satisfy early stopping conditions. `

    This callback depends on [`TrainingArguments`] argument *load_best_model_at_end* functionality to set best_metric
    in [`TrainerState`]. Note that if the [`TrainingArguments`] argument *save_steps* differs from *eval_steps*, the
    early stopping will not occur until the next save step.
    """"""

    def __init__(self, early_stopping_patience: int=1, early_stopping_threshold: float | None=0.0):
        self.early_stopping_patience = early_stopping_patience
        self.early_stopping_threshold = early_stopping_threshold
        self.early_stopping_patience_counter = 0

    def check_metric_value(self, args, state, control, metric_value):
        operator = np.greater if args.greater_is_better else np.less
        if state.best_metric is None or (operator(metric_value, state.best_metric) and abs(metric_value - state.best_metric) > self.early_stopping_threshold):
            self.early_stopping_patience_counter = 0
        else:
            self.early_stopping_patience_counter += 1

    def on_train_begin(self, args, state, control, **kwargs):
        if not args.load_best_model_at_end:
            logger.warning('Using EarlyStoppingCallback without load_best_model_at_end=True. Once training is finished, the best model will not be loaded automatically.')
        assert args.metric_for_best_model is not None, 'EarlyStoppingCallback requires metric_for_best_model to be defined'
        assert args.eval_strategy != IntervalStrategy.NO, 'EarlyStoppingCallback requires IntervalStrategy of steps or epoch'

    def on_evaluate(self, args, state, control, metrics, **kwargs):
        metric_to_check = args.metric_for_best_model
        if not metric_to_check.startswith('eval_'):
            metric_to_check = f'eval_{metric_to_check}'
        metric_value = metrics.get(metric_to_check)
        if metric_value is None:
            logger.warning(f'early stopping required metric_for_best_model, but did not find {metric_to_check} so early stopping is disabled')
            return
        self.check_metric_value(args, state, control, metric_value)
        if self.early_stopping_patience_counter >= self.early_stopping_patience:
            control.should_training_stop = True

    def state(self) -> dict:
        return {'args': {'early_stopping_patience': self.early_stopping_patience, 'early_stopping_threshold': self.early_stopping_threshold}, 'attributes': {'early_stopping_patience_counter': self.early_stopping_patience_counter}}",zero-shot,"
                Classify the code as a lazy-class or a non-lazy-class 

                Code: class EarlyStoppingCallback(TrainerCallback, ExportableState):
""""""
A [`TrainerCallback`] that handles early stopping.

Args:
    early_stopping_patience (`int`):
        Use with `metric_for_best_model` to stop training when the specified metric worsens for
        `early_stopping_patience` evaluation calls.
    early_stopping_threshold(`float`, *optional*):
        Use with TrainingArguments `metric_for_best_model` and `early_stopping_patience` to denote how much the
        specified metric must improve to satisfy early stopping conditions. `

This callback depends on [`TrainingArguments`] argument *load_best_model_at_end* functionality to set best_metric
in [`TrainerState`]. Note that if the [`TrainingArguments`] argument *save_steps* differs from *eval_steps*, the
early stopping will not occur until the next save step.
""""""

def __init__(self, early_stopping_patience: int=1, early_stopping_threshold: float | None=0.0):
    self.early_stopping_patience = early_stopping_patience
    self.early_stopping_threshold = early_stopping_threshold
    self.early_stopping_patience_counter = 0

def check_metric_value(self, args, state, control, metric_value):
    operator = np.greater if args.greater_is_better else np.less
    if state.best_metric is None or (operator(metric_value, state.best_metric) and abs(metric_value - state.best_metric) > self.early_stopping_threshold):
        self.early_stopping_patience_counter = 0
    else:
        self.early_stopping_patience_counter += 1

def on_train_begin(self, args, state, control, **kwargs):
    if not args.load_best_model_at_end:
        logger.warning('Using EarlyStoppingCallback without load_best_model_at_end=True. Once training is finished, the best model will not be loaded automatically.')
    assert args.metric_for_best_model is not None, 'EarlyStoppingCallback requires metric_for_best_model to be defined'
    assert args.eval_strategy != IntervalStrategy.NO, 'EarlyStoppingCallback requires IntervalStrategy of steps or epoch'

def on_evaluate(self, args, state, control, metrics, **kwargs):
    metric_to_check = args.metric_for_best_model
    if not metric_to_check.startswith('eval_'):
        metric_to_check = f'eval_{metric_to_check}'
    metric_value = metrics.get(metric_to_check)
    if metric_value is None:
        logger.warning(f'early stopping required metric_for_best_model, but did not find {metric_to_check} so early stopping is disabled')
        return
    self.check_metric_value(args, state, control, metric_value)
    if self.early_stopping_patience_counter >= self.early_stopping_patience:
        control.should_training_stop = True

def state(self) -> dict:
    return {'args': {'early_stopping_patience': self.early_stopping_patience, 'early_stopping_threshold': self.early_stopping_threshold}, 'attributes': {'early_stopping_patience_counter': self.early_stopping_patience_counter}}

                return the result as one of the following JSONs: {{""smell_type"":""lazy class""}} OR {{""smell_type"":""non-lazy class""}} AND {""explanation"":""your explication about this code""}
",False,"{""raw"": {""-"": {""loc"": 49, ""lloc"": 31, ""sloc"": 29, ""comments"": 0, ""multi"": 13, ""blank"": 7, ""single_comments"": 0}}, ""cc"": {""-"": [{""type"": ""method"", ""rank"": ""A"", ""name"": ""check_metric_value"", ""complexity"": 5, ""endline"": 28, ""col_offset"": 4, ""lineno"": 23, ""classname"": ""EarlyStoppingCallback"", ""closures"": []}, {""type"": ""class"", ""rank"": ""A"", ""name"": ""EarlyStoppingCallback"", ""complexity"": 4, ""endline"": 49, ""col_offset"": 0, ""lineno"": 1, ""methods"": [{""type"": ""method"", ""rank"": ""A"", ""name"": ""__init__"", ""complexity"": 1, ""endline"": 21, ""col_offset"": 4, ""lineno"": 18, ""classname"": ""EarlyStoppingCallback"", ""closures"": []}, {""type"": ""method"", ""rank"": ""A"", ""name"": ""check_metric_value"", ""complexity"": 5, ""endline"": 28, ""col_offset"": 4, ""lineno"": 23, ""classname"": ""EarlyStoppingCallback"", ""closures"": []}, {""type"": ""method"", ""rank"": ""A"", ""name"": ""on_train_begin"", ""complexity"": 4, ""endline"": 30, ""col_offset"": 4, ""lineno"": 30, ""classname"": ""EarlyStoppingCallback"", ""closures"": []}, {""type"": ""method"", ""rank"": ""A"", ""name"": ""on_evaluate"", ""complexity"": 4, ""endline"": 46, ""col_offset"": 4, ""lineno"": 36, ""classname"": ""EarlyStoppingCallback"", ""closures"": []}, {""type"": ""method"", ""rank"": ""A"", ""name"": ""state"", ""complexity"": 1, ""endline"": 49, ""col_offset"": 4, ""lineno"": 48, ""classname"": ""EarlyStoppingCallback"", ""closures"": []}]}, {""type"": ""method"", ""rank"": ""A"", ""name"": ""on_train_begin"", ""complexity"": 4, ""endline"": 30, ""col_offset"": 4, ""lineno"": 30, ""classname"": ""EarlyStoppingCallback"", ""closures"": []}, {""type"": ""method"", ""rank"": ""A"", ""name"": ""on_evaluate"", ""complexity"": 4, ""endline"": 46, ""col_offset"": 4, ""lineno"": 36, ""classname"": ""EarlyStoppingCallback"", ""closures"": []}, {""type"": ""method"", ""rank"": ""A"", ""name"": ""__init__"", ""complexity"": 1, ""endline"": 21, ""col_offset"": 4, ""lineno"": 18, ""classname"": ""EarlyStoppingCallback"", ""closures"": []}, {""type"": ""method"", ""rank"": ""A"", ""name"": ""state"", ""complexity"": 1, ""endline"": 49, ""col_offset"": 4, ""lineno"": 48, ""classname"": ""EarlyStoppingCallback"", ""closures"": []}]}, ""mi"": {""-"": {""mi"": 78.47482225208124, ""rank"": ""A""}}, ""hal"": {""-"": {""total"": {""h1"": 10, ""h2"": 21, ""N1"": 12, ""N2"": 22, ""vocabulary"": 31, ""length"": 34, ""calculated_length"": 125.4579468272276, ""volume"": 168.44267455315378, ""difficulty"": 5.238095238095238, ""effort"": 882.3187714689008, ""time"": 49.01770952605004, ""bugs"": 0.05614755818438459}, ""functions"": {""__init__"": {""h1"": 0, ""h2"": 0, ""N1"": 0, ""N2"": 0, ""vocabulary"": 0, ""length"": 0, ""calculated_length"": 0, ""volume"": 0, ""difficulty"": 0, ""effort"": 0, ""time"": 0.0, ""bugs"": 0.0}, ""check_metric_value"": {""h1"": 6, ""h2"": 11, ""N1"": 6, ""N2"": 12, ""vocabulary"": 17, ""length"": 18, ""calculated_length"": 53.563522809337215, ""volume"": 73.57433114250613, ""difficulty"": 3.272727272727273, ""effort"": 240.78872010274733, ""time"": 13.377151116819297, ""bugs"": 0.02452477704750204}, ""on_train_begin"": {""h1"": 3, ""h2"": 5, ""N1"": 3, ""N2"": 5, ""vocabulary"": 8, ""length"": 8, ""calculated_length"": 16.36452797660028, ""volume"": 24.0, ""difficulty"": 1.5, ""effort"": 36.0, ""time"": 2.0, ""bugs"": 0.008}, ""on_evaluate"": {""h1"": 3, ""h2"": 5, ""N1"": 3, ""N2"": 5, ""vocabulary"": 8, ""length"": 8, ""calculated_length"": 16.36452797660028, ""volume"": 24.0, ""difficulty"": 1.5, ""effort"": 36.0, ""time"": 2.0, ""bugs"": 0.008}, ""state"": {""h1"": 0, ""h2"": 0, ""N1"": 0, ""N2"": 0, ""vocabulary"": 0, ""length"": 0, ""calculated_length"": 0, ""volume"": 0, ""difficulty"": 0, ""effort"": 0, ""time"": 0.0, ""bugs"": 0.0}}}}}",2026-03-22T01:53:05.385946,0
906bf762-33de-495a-a4b3-4f8421df6040,lazy class,"This code defines a lazy class, specifically a subclass of `ListFilter`, which is used to filter lists in Django. The class is lazy because it doesn't perform any actual filtering until the `get_facet_counts` method is called, and even then, it only counts the number of items that match each possible lookup value.",v601__django__simplelistfilter__bda24a85803264cb__20260318_230846_937105.py,mistral:latest,python,SimpleListFilter,,lazy-class,"class SimpleListFilter(FacetsMixin, ListFilter):
    parameter_name = None

    def __init__(self, request, params, model, model_admin):
        super().__init__(request, params, model, model_admin)
        if self.parameter_name is None:
            raise ImproperlyConfigured(""The list filter '%s' does not specify a 'parameter_name'."" % self.__class__.__name__)
        if self.parameter_name in params:
            value = params.pop(self.parameter_name)
            self.used_parameters[self.parameter_name] = value[-1]
        lookup_choices = self.lookups(request, model_admin)
        if lookup_choices is None:
            lookup_choices = ()
        self.lookup_choices = list(lookup_choices)

    def has_output(self):
        return len(self.lookup_choices) > 0

    def value(self):
        """"""
        Return the value (in string format) provided in the request's
        query string for this filter, if any, or None if the value wasn't
        provided.
        """"""
        return self.used_parameters.get(self.parameter_name)

    def lookups(self, request, model_admin):
        """"""
        Must be overridden to return a list of tuples (value, verbose value)
        """"""
        raise NotImplementedError('The SimpleListFilter.lookups() method must be overridden to return a list of tuples (value, verbose value).')

    def expected_parameters(self):
        return [self.parameter_name]

    def get_facet_counts(self, pk_attname, filtered_qs):
        original_value = self.used_parameters.get(self.parameter_name)
        counts = {}
        for (i, choice) in enumerate(self.lookup_choices):
            self.used_parameters[self.parameter_name] = choice[0]
            lookup_qs = self.queryset(self.request, filtered_qs)
            if lookup_qs is not None:
                counts[f'{i}__c'] = models.Count(pk_attname, filter=models.Q(pk__in=lookup_qs))
        self.used_parameters[self.parameter_name] = original_value
        return counts",zero-shot,"
                Classify the code as a lazy-class or a non-lazy-class 

                Code: class SimpleListFilter(FacetsMixin, ListFilter):
parameter_name = None

def __init__(self, request, params, model, model_admin):
    super().__init__(request, params, model, model_admin)
    if self.parameter_name is None:
        raise ImproperlyConfigured(""The list filter '%s' does not specify a 'parameter_name'."" % self.__class__.__name__)
    if self.parameter_name in params:
        value = params.pop(self.parameter_name)
        self.used_parameters[self.parameter_name] = value[-1]
    lookup_choices = self.lookups(request, model_admin)
    if lookup_choices is None:
        lookup_choices = ()
    self.lookup_choices = list(lookup_choices)

def has_output(self):
    return len(self.lookup_choices) > 0

def value(self):
    """"""
    Return the value (in string format) provided in the request's
    query string for this filter, if any, or None if the value wasn't
    provided.
    """"""
    return self.used_parameters.get(self.parameter_name)

def lookups(self, request, model_admin):
    """"""
    Must be overridden to return a list of tuples (value, verbose value)
    """"""
    raise NotImplementedError('The SimpleListFilter.lookups() method must be overridden to return a list of tuples (value, verbose value).')

def expected_parameters(self):
    return [self.parameter_name]

def get_facet_counts(self, pk_attname, filtered_qs):
    original_value = self.used_parameters.get(self.parameter_name)
    counts = {}
    for (i, choice) in enumerate(self.lookup_choices):
        self.used_parameters[self.parameter_name] = choice[0]
        lookup_qs = self.queryset(self.request, filtered_qs)
        if lookup_qs is not None:
            counts[f'{i}__c'] = models.Count(pk_attname, filter=models.Q(pk__in=lookup_qs))
    self.used_parameters[self.parameter_name] = original_value
    return counts

                return the result as one of the following JSONs: {{""smell_type"":""lazy class""}} OR {{""smell_type"":""non-lazy class""}} AND {""explanation"":""your explication about this code""}
",False,"{""raw"": {""-"": {""loc"": 45, ""lloc"": 33, ""sloc"": 31, ""comments"": 0, ""multi"": 8, ""blank"": 6, ""single_comments"": 0}}, ""cc"": {""-"": [{""type"": ""method"", ""rank"": ""A"", ""name"": ""__init__"", ""lineno"": 4, ""complexity"": 4, ""col_offset"": 4, ""endline"": 14, ""classname"": ""SimpleListFilter"", ""closures"": []}, {""type"": ""class"", ""rank"": ""A"", ""name"": ""SimpleListFilter"", ""lineno"": 1, ""complexity"": 3, ""col_offset"": 0, ""endline"": 45, ""methods"": [{""type"": ""method"", ""rank"": ""A"", ""name"": ""__init__"", ""lineno"": 4, ""complexity"": 4, ""col_offset"": 4, ""endline"": 14, ""classname"": ""SimpleListFilter"", ""closures"": []}, {""type"": ""method"", ""rank"": ""A"", ""name"": ""has_output"", ""lineno"": 16, ""complexity"": 1, ""col_offset"": 4, ""endline"": 17, ""classname"": ""SimpleListFilter"", ""closures"": []}, {""type"": ""method"", ""rank"": ""A"", ""name"": ""value"", ""lineno"": 19, ""complexity"": 1, ""col_offset"": 4, ""endline"": 25, ""classname"": ""SimpleListFilter"", ""closures"": []}, {""type"": ""method"", ""rank"": ""A"", ""name"": ""lookups"", ""lineno"": 27, ""complexity"": 1, ""col_offset"": 4, ""endline"": 31, ""classname"": ""SimpleListFilter"", ""closures"": []}, {""type"": ""method"", ""rank"": ""A"", ""name"": ""expected_parameters"", ""lineno"": 33, ""complexity"": 1, ""col_offset"": 4, ""endline"": 34, ""classname"": ""SimpleListFilter"", ""closures"": []}, {""type"": ""method"", ""rank"": ""A"", ""name"": ""get_facet_counts"", ""lineno"": 36, ""complexity"": 3, ""col_offset"": 4, ""endline"": 45, ""classname"": ""SimpleListFilter"", ""closures"": []}]}, {""type"": ""method"", ""rank"": ""A"", ""name"": ""get_facet_counts"", ""lineno"": 36, ""complexity"": 3, ""col_offset"": 4, ""endline"": 45, ""classname"": ""SimpleListFilter"", ""closures"": []}, {""type"": ""method"", ""rank"": ""A"", ""name"": ""has_output"", ""lineno"": 16, ""complexity"": 1, ""col_offset"": 4, ""endline"": 17, ""classname"": ""SimpleListFilter"", ""closures"": []}, {""type"": ""method"", ""rank"": ""A"", ""name"": ""value"", ""lineno"": 19, ""complexity"": 1, ""col_offset"": 4, ""endline"": 25, ""classname"": ""SimpleListFilter"", ""closures"": []}, {""type"": ""method"", ""rank"": ""A"", ""name"": ""lookups"", ""lineno"": 27, ""complexity"": 1, ""col_offset"": 4, ""endline"": 31, ""classname"": ""SimpleListFilter"", ""closures"": []}, {""type"": ""method"", ""rank"": ""A"", ""name"": ""expected_parameters"", ""lineno"": 33, ""complexity"": 1, ""col_offset"": 4, ""endline"": 34, ""classname"": ""SimpleListFilter"", ""closures"": []}]}, ""mi"": {""-"": {""mi"": 77.27115946163677, ""rank"": ""A""}}, ""hal"": {""-"": {""total"": {""h1"": 6, ""h2"": 11, ""N1"": 7, ""N2"": 13, ""vocabulary"": 17, ""length"": 20, ""calculated_length"": 53.563522809337215, ""volume"": 81.7492568250068, ""difficulty"": 3.5454545454545454, ""effort"": 289.8382741977514, ""time"": 16.102126344319522, ""bugs"": 0.027249752275002266}, ""functions"": {""__init__"": {""h1"": 4, ""h2"": 7, ""N1"": 5, ""N2"": 9, ""vocabulary"": 11, ""length"": 14, ""calculated_length"": 27.651484454403228, ""volume"": 48.43204266092217, ""difficulty"": 2.5714285714285716, ""effort"": 124.53953827094274, ""time"": 6.918863237274596, ""bugs"": 0.016144014220307392}, ""has_output"": {""h1"": 1, ""h2"": 2, ""N1"": 1, ""N2"": 2, ""vocabulary"": 3, ""length"": 3, ""calculated_length"": 2.0, ""volume"": 4.754887502163469, ""difficulty"": 0.5, ""effort"": 2.3774437510817346, ""time"": 0.1320802083934297, ""bugs"": 0.0015849625007211565}, ""value"": {""h1"": 0, ""h2"": 0, ""N1"": 0, ""N2"": 0, ""vocabulary"": 0, ""length"": 0, ""calculated_length"": 0, ""volume"": 0, ""difficulty"": 0, ""effort"": 0, ""time"": 0.0, ""bugs"": 0.0}, ""lookups"": {""h1"": 0, ""h2"": 0, ""N1"": 0, ""N2"": 0, ""vocabulary"": 0, ""length"": 0, ""calculated_length"": 0, ""volume"": 0, ""difficulty"": 0, ""effort"": 0, ""time"": 0.0, ""bugs"": 0.0}, ""expected_parameters"": {""h1"": 0, ""h2"": 0, ""N1"": 0, ""N2"": 0, ""vocabulary"": 0, ""length"": 0, ""calculated_length"": 0, ""volume"": 0, ""difficulty"": 0, ""effort"": 0, ""time"": 0.0, ""bugs"": 0.0}, ""get_facet_counts"": {""h1"": 1, ""h2"": 2, ""N1"": 1, ""N2"": 2, ""vocabulary"": 3, ""length"": 3, ""calculated_length"": 2.0, ""volume"": 4.754887502163469, ""difficulty"": 0.5, ""effort"": 2.3774437510817346, ""time"": 0.1320802083934297, ""bugs"": 0.0015849625007211565}}}}}",2026-03-22T01:53:07.181826,0
906bf762-33de-495a-a4b3-4f8421df6040,non-lazy class,"This class, WeightHook, is not a lazy class. It initializes its attributes during object creation and uses them to perform operations like adding hooks to models or cloning itself. The method 'add_hook_patches' modifies the model directly, which indicates it's not a lazy initialization approach.",v092__comfyui__weighthook__dbfd9897037cc45d__20260318_230846_941239.py,mistral:latest,python,WeightHook,,lazy-class,"class WeightHook(Hook):
    """"""
    Hook responsible for tracking weights to be applied to some model/clip.

    Note, value of hook_scope is ignored and is treated as HookedOnly.
    """"""

    def __init__(self, strength_model=1.0, strength_clip=1.0):
        super().__init__(hook_type=EnumHookType.Weight, hook_scope=EnumHookScope.HookedOnly)
        self.weights: dict = None
        self.weights_clip: dict = None
        self.need_weight_init = True
        self._strength_model = strength_model
        self._strength_clip = strength_clip
        self.hook_scope = EnumHookScope.HookedOnly

    @property
    def strength_model(self):
        return self._strength_model * self.strength

    @property
    def strength_clip(self):
        return self._strength_clip * self.strength

    def add_hook_patches(self, model: ModelPatcher, model_options: dict, target_dict: dict[str], registered: HookGroup):
        if not self.should_register(model, model_options, target_dict, registered):
            return False
        weights = None
        target = target_dict.get('target', None)
        if target == EnumWeightTarget.Clip:
            strength = self._strength_clip
        else:
            strength = self._strength_model
        if self.need_weight_init:
            key_map = {}
            if target == EnumWeightTarget.Clip:
                key_map = comfy.lora.model_lora_keys_clip(model.model, key_map)
            else:
                key_map = comfy.lora.model_lora_keys_unet(model.model, key_map)
            weights = comfy.lora.load_lora(self.weights, key_map, log_missing=False)
        elif target == EnumWeightTarget.Clip:
            weights = self.weights_clip
        else:
            weights = self.weights
        model.add_hook_patches(hook=self, patches=weights, strength_patch=strength)
        registered.add(self)
        return True

    def clone(self):
        c: WeightHook = super().clone()
        c.weights = self.weights
        c.weights_clip = self.weights_clip
        c.need_weight_init = self.need_weight_init
        c._strength_model = self._strength_model
        c._strength_clip = self._strength_clip
        return c",zero-shot,"
                Classify the code as a lazy-class or a non-lazy-class 

                Code: class WeightHook(Hook):
""""""
Hook responsible for tracking weights to be applied to some model/clip.

Note, value of hook_scope is ignored and is treated as HookedOnly.
""""""

def __init__(self, strength_model=1.0, strength_clip=1.0):
    super().__init__(hook_type=EnumHookType.Weight, hook_scope=EnumHookScope.HookedOnly)
    self.weights: dict = None
    self.weights_clip: dict = None
    self.need_weight_init = True
    self._strength_model = strength_model
    self._strength_clip = strength_clip
    self.hook_scope = EnumHookScope.HookedOnly

@property
def strength_model(self):
    return self._strength_model * self.strength

@property
def strength_clip(self):
    return self._strength_clip * self.strength

def add_hook_patches(self, model: ModelPatcher, model_options: dict, target_dict: dict[str], registered: HookGroup):
    if not self.should_register(model, model_options, target_dict, registered):
        return False
    weights = None
    target = target_dict.get('target', None)
    if target == EnumWeightTarget.Clip:
        strength = self._strength_clip
    else:
        strength = self._strength_model
    if self.need_weight_init:
        key_map = {}
        if target == EnumWeightTarget.Clip:
            key_map = comfy.lora.model_lora_keys_clip(model.model, key_map)
        else:
            key_map = comfy.lora.model_lora_keys_unet(model.model, key_map)
        weights = comfy.lora.load_lora(self.weights, key_map, log_missing=False)
    elif target == EnumWeightTarget.Clip:
        weights = self.weights_clip
    else:
        weights = self.weights
    model.add_hook_patches(hook=self, patches=weights, strength_patch=strength)
    registered.add(self)
    return True

def clone(self):
    c: WeightHook = super().clone()
    c.weights = self.weights
    c.weights_clip = self.weights_clip
    c.need_weight_init = self.need_weight_init
    c._strength_model = self._strength_model
    c._strength_clip = self._strength_clip
    return c

                return the result as one of the following JSONs: {{""smell_type"":""lazy class""}} OR {{""smell_type"":""non-lazy class""}} AND {""explanation"":""your explication about this code""}
",False,"{""raw"": {""-"": {""loc"": 56, ""lloc"": 50, ""sloc"": 46, ""comments"": 0, ""multi"": 4, ""blank"": 6, ""single_comments"": 0}}, ""cc"": {""-"": [{""type"": ""method"", ""rank"": ""B"", ""complexity"": 6, ""classname"": ""WeightHook"", ""lineno"": 25, ""col_offset"": 4, ""endline"": 47, ""name"": ""add_hook_patches"", ""closures"": []}, {""type"": ""class"", ""rank"": ""A"", ""complexity"": 3, ""lineno"": 1, ""col_offset"": 0, ""endline"": 56, ""name"": ""WeightHook"", ""methods"": [{""type"": ""method"", ""rank"": ""A"", ""complexity"": 1, ""classname"": ""WeightHook"", ""lineno"": 8, ""col_offset"": 4, ""endline"": 15, ""name"": ""__init__"", ""closures"": []}, {""type"": ""method"", ""rank"": ""A"", ""complexity"": 1, ""classname"": ""WeightHook"", ""lineno"": 18, ""col_offset"": 4, ""endline"": 19, ""name"": ""strength_model"", ""closures"": []}, {""type"": ""method"", ""rank"": ""A"", ""complexity"": 1, ""classname"": ""WeightHook"", ""lineno"": 22, ""col_offset"": 4, ""endline"": 23, ""name"": ""strength_clip"", ""closures"": []}, {""type"": ""method"", ""rank"": ""B"", ""complexity"": 6, ""classname"": ""WeightHook"", ""lineno"": 25, ""col_offset"": 4, ""endline"": 47, ""name"": ""add_hook_patches"", ""closures"": []}, {""type"": ""method"", ""rank"": ""A"", ""complexity"": 1, ""classname"": ""WeightHook"", ""lineno"": 49, ""col_offset"": 4, ""endline"": 56, ""name"": ""clone"", ""closures"": []}]}, {""type"": ""method"", ""rank"": ""A"", ""complexity"": 1, ""classname"": ""WeightHook"", ""lineno"": 8, ""col_offset"": 4, ""endline"": 15, ""name"": ""__init__"", ""closures"": []}, {""type"": ""method"", ""rank"": ""A"", ""complexity"": 1, ""classname"": ""WeightHook"", ""lineno"": 18, ""col_offset"": 4, ""endline"": 19, ""name"": ""strength_model"", ""closures"": []}, {""type"": ""method"", ""rank"": ""A"", ""complexity"": 1, ""classname"": ""WeightHook"", ""lineno"": 22, ""col_offset"": 4, ""endline"": 23, ""name"": ""strength_clip"", ""closures"": []}, {""type"": ""method"", ""rank"": ""A"", ""complexity"": 1, ""classname"": ""WeightHook"", ""lineno"": 49, ""col_offset"": 4, ""endline"": 56, ""name"": ""clone"", ""closures"": []}]}, ""mi"": {""-"": {""mi"": 65.96780768439739, ""rank"": ""A""}}, ""hal"": {""-"": {""total"": {""h1"": 3, ""h2"": 7, ""N1"": 6, ""N2"": 11, ""vocabulary"": 10, ""length"": 17, ""calculated_length"": 24.406371956566698, ""volume"": 56.472777613085164, ""difficulty"": 2.357142857142857, ""effort"": 133.11440437370075, ""time"": 7.3952446874278195, ""bugs"": 0.01882425920436172}, ""functions"": {""__init__"": {""h1"": 0, ""h2"": 0, ""N1"": 0, ""N2"": 0, ""vocabulary"": 0, ""length"": 0, ""calculated_length"": 0, ""volume"": 0, ""difficulty"": 0, ""effort"": 0, ""time"": 0.0, ""bugs"": 0.0}, ""strength_model"": {""h1"": 1, ""h2"": 2, ""N1"": 1, ""N2"": 2, ""vocabulary"": 3, ""length"": 3, ""calculated_length"": 2.0, ""volume"": 4.754887502163469, ""difficulty"": 0.5, ""effort"": 2.3774437510817346, ""time"": 0.1320802083934297, ""bugs"": 0.0015849625007211565}, ""strength_clip"": {""h1"": 1, ""h2"": 2, ""N1"": 1, ""N2"": 2, ""vocabulary"": 3, ""length"": 3, ""calculated_length"": 2.0, ""volume"": 4.754887502163469, ""difficulty"": 0.5, ""effort"": 2.3774437510817346, ""time"": 0.1320802083934297, ""bugs"": 0.0015849625007211565}, ""add_hook_patches"": {""h1"": 2, ""h2"": 3, ""N1"": 4, ""N2"": 7, ""vocabulary"": 5, ""length"": 11, ""calculated_length"": 6.754887502163469, ""volume"": 25.541209043760983, ""difficulty"": 2.3333333333333335, ""effort"": 59.596154435442294, ""time"": 3.310897468635683, ""bugs"": 0.008513736347920327}, ""clone"": {""h1"": 0, ""h2"": 0, ""N1"": 0, ""N2"": 0, ""vocabulary"": 0, ""length"": 0, ""calculated_length"": 0, ""volume"": 0, ""difficulty"": 0, ""effort"": 0, ""time"": 0.0, ""bugs"": 0.0}}}}}",2026-03-22T01:53:08.149455,0
906bf762-33de-495a-a4b3-4f8421df6040,lazy class,"The HierarchicalCache class is considered a lazy class because it creates and retrieves sub-caches on demand, when the get(), set() or ensure_subcache_for() methods are called. This means that the sub-caches are not created until they are actually needed, which can improve performance by reducing memory usage for unused parts of the cache hierarchy.",v092__comfyui__hierarchicalcache__b863a5d057719b6e__20260318_230846_938210.py,mistral:latest,python,HierarchicalCache,,lazy-class,"class HierarchicalCache(BasicCache):

    def __init__(self, key_class):
        super().__init__(key_class)

    def _get_cache_for(self, node_id):
        assert self.dynprompt is not None
        parent_id = self.dynprompt.get_parent_node_id(node_id)
        if parent_id is None:
            return self
        hierarchy = []
        while parent_id is not None:
            hierarchy.append(parent_id)
            parent_id = self.dynprompt.get_parent_node_id(parent_id)
        cache = self
        for parent_id in reversed(hierarchy):
            cache = cache._get_subcache(parent_id)
            if cache is None:
                return None
        return cache

    def get(self, node_id):
        cache = self._get_cache_for(node_id)
        if cache is None:
            return None
        return cache._get_immediate(node_id)

    def set(self, node_id, value):
        cache = self._get_cache_for(node_id)
        assert cache is not None
        cache._set_immediate(node_id, value)

    async def ensure_subcache_for(self, node_id, children_ids):
        cache = self._get_cache_for(node_id)
        assert cache is not None
        return await cache._ensure_subcache(node_id, children_ids)",zero-shot,"
                Classify the code as a lazy-class or a non-lazy-class 

                Code: class HierarchicalCache(BasicCache):

def __init__(self, key_class):
    super().__init__(key_class)

def _get_cache_for(self, node_id):
    assert self.dynprompt is not None
    parent_id = self.dynprompt.get_parent_node_id(node_id)
    if parent_id is None:
        return self
    hierarchy = []
    while parent_id is not None:
        hierarchy.append(parent_id)
        parent_id = self.dynprompt.get_parent_node_id(parent_id)
    cache = self
    for parent_id in reversed(hierarchy):
        cache = cache._get_subcache(parent_id)
        if cache is None:
            return None
    return cache

def get(self, node_id):
    cache = self._get_cache_for(node_id)
    if cache is None:
        return None
    return cache._get_immediate(node_id)

def set(self, node_id, value):
    cache = self._get_cache_for(node_id)
    assert cache is not None
    cache._set_immediate(node_id, value)

async def ensure_subcache_for(self, node_id, children_ids):
    cache = self._get_cache_for(node_id)
    assert cache is not None
    return await cache._ensure_subcache(node_id, children_ids)

                return the result as one of the following JSONs: {{""smell_type"":""lazy class""}} OR {{""smell_type"":""non-lazy class""}} AND {""explanation"":""your explication about this code""}
",False,"{""raw"": {""-"": {""loc"": 36, ""lloc"": 31, ""sloc"": 31, ""comments"": 0, ""multi"": 0, ""blank"": 5, ""single_comments"": 0}}, ""cc"": {""-"": [{""type"": ""method"", ""rank"": ""B"", ""complexity"": 6, ""col_offset"": 4, ""endline"": 20, ""name"": ""_get_cache_for"", ""classname"": ""HierarchicalCache"", ""lineno"": 6, ""closures"": []}, {""type"": ""class"", ""rank"": ""A"", ""complexity"": 3, ""col_offset"": 0, ""endline"": 36, ""name"": ""HierarchicalCache"", ""lineno"": 1, ""methods"": [{""type"": ""method"", ""rank"": ""A"", ""complexity"": 1, ""col_offset"": 4, ""endline"": 4, ""name"": ""__init__"", ""classname"": ""HierarchicalCache"", ""lineno"": 3, ""closures"": []}, {""type"": ""method"", ""rank"": ""B"", ""complexity"": 6, ""col_offset"": 4, ""endline"": 20, ""name"": ""_get_cache_for"", ""classname"": ""HierarchicalCache"", ""lineno"": 6, ""closures"": []}, {""type"": ""method"", ""rank"": ""A"", ""complexity"": 2, ""col_offset"": 4, ""endline"": 26, ""name"": ""get"", ""classname"": ""HierarchicalCache"", ""lineno"": 22, ""closures"": []}, {""type"": ""method"", ""rank"": ""A"", ""complexity"": 2, ""col_offset"": 4, ""endline"": 31, ""name"": ""set"", ""classname"": ""HierarchicalCache"", ""lineno"": 28, ""closures"": []}, {""type"": ""method"", ""rank"": ""A"", ""complexity"": 2, ""col_offset"": 4, ""endline"": 36, ""name"": ""ensure_subcache_for"", ""classname"": ""HierarchicalCache"", ""lineno"": 33, ""closures"": []}]}, {""type"": ""method"", ""rank"": ""A"", ""complexity"": 2, ""col_offset"": 4, ""endline"": 26, ""name"": ""get"", ""classname"": ""HierarchicalCache"", ""lineno"": 22, ""closures"": []}, {""type"": ""method"", ""rank"": ""A"", ""complexity"": 2, ""col_offset"": 4, ""endline"": 31, ""name"": ""set"", ""classname"": ""HierarchicalCache"", ""lineno"": 28, ""closures"": []}, {""type"": ""method"", ""rank"": ""A"", ""complexity"": 2, ""col_offset"": 4, ""endline"": 36, ""name"": ""ensure_subcache_for"", ""classname"": ""HierarchicalCache"", ""lineno"": 33, ""closures"": []}, {""type"": ""method"", ""rank"": ""A"", ""complexity"": 1, ""col_offset"": 4, ""endline"": 4, ""name"": ""__init__"", ""classname"": ""HierarchicalCache"", ""lineno"": 3, ""closures"": []}]}, ""mi"": {""-"": {""mi"": 52.44374323897924, ""rank"": ""A""}}, ""hal"": {""-"": {""total"": {""h1"": 2, ""h2"": 10, ""N1"": 7, ""N2"": 14, ""vocabulary"": 12, ""length"": 21, ""calculated_length"": 35.219280948873624, ""volume"": 75.28421251514429, ""difficulty"": 1.4, ""effort"": 105.397897521202, ""time"": 5.855438751177889, ""bugs"": 0.025094737505048096}, ""functions"": {""__init__"": {""h1"": 0, ""h2"": 0, ""N1"": 0, ""N2"": 0, ""vocabulary"": 0, ""length"": 0, ""calculated_length"": 0, ""volume"": 0, ""difficulty"": 0, ""effort"": 0, ""time"": 0.0, ""bugs"": 0.0}, ""_get_cache_for"": {""h1"": 2, ""h2"": 4, ""N1"": 4, ""N2"": 8, ""vocabulary"": 6, ""length"": 12, ""calculated_length"": 10.0, ""volume"": 31.019550008653873, ""difficulty"": 2.0, ""effort"": 62.039100017307746, ""time"": 3.446616667628208, ""bugs"": 0.010339850002884624}, ""get"": {""h1"": 1, ""h2"": 2, ""N1"": 1, ""N2"": 2, ""vocabulary"": 3, ""length"": 3, ""calculated_length"": 2.0, ""volume"": 4.754887502163469, ""difficulty"": 0.5, ""effort"": 2.3774437510817346, ""time"": 0.1320802083934297, ""bugs"": 0.0015849625007211565}, ""set"": {""h1"": 1, ""h2"": 2, ""N1"": 1, ""N2"": 2, ""vocabulary"": 3, ""length"": 3, ""calculated_length"": 2.0, ""volume"": 4.754887502163469, ""difficulty"": 0.5, ""effort"": 2.3774437510817346, ""time"": 0.1320802083934297, ""bugs"": 0.0015849625007211565}, ""ensure_subcache_for"": {""h1"": 1, ""h2"": 2, ""N1"": 1, ""N2"": 2, ""vocabulary"": 3, ""length"": 3, ""calculated_length"": 2.0, ""volume"": 4.754887502163469, ""difficulty"": 0.5, ""effort"": 2.3774437510817346, ""time"": 0.1320802083934297, ""bugs"": 0.0015849625007211565}}}}}",2026-03-22T01:53:09.184503,0
906bf762-33de-495a-a4b3-4f8421df6040,non-lazy class,"This class, MockBackend, is not considered lazy because it does not exhibit the typical characteristics of a lazy or memoization pattern. Instead, it implements a simple caching mechanism using a dictionary (stat.cache) to store and retrieve data based on the key provided. The cache is updated each time a get or put operation is performed.",v291__pytorch__mockbackend__ee9e31655b8323e3__20260318_230846_939446.py,mistral:latest,python,MockBackend,,lazy-class,"class MockBackend(RemoteCacheBackend[Any]):

    def __init__(self, name: str) -> None:
        self._name = name

    @staticmethod
    def with_name(name: str) -> Callable[[], MockBackend]:

        def wrapper() -> MockBackend:
            return MockBackend(name)
        return wrapper

    @override
    def _get(self, key: str) -> Optional[Any]:
        stat = global_stats.get_stat(self._name)
        if key in stat.cache:
            stat += Stats(num_get_hit=1)
            return stat.cache.get(key)
        else:
            stat += Stats(num_get_miss=1)
            return None

    @override
    def _put(self, key: str, data: Any) -> None:
        stat = global_stats.get_stat(self._name)
        stat += Stats(num_put=1)
        stat.cache[key] = data",zero-shot,"
                Classify the code as a lazy-class or a non-lazy-class 

                Code: class MockBackend(RemoteCacheBackend[Any]):

def __init__(self, name: str) -> None:
    self._name = name

@staticmethod
def with_name(name: str) -> Callable[[], MockBackend]:

    def wrapper() -> MockBackend:
        return MockBackend(name)
    return wrapper

@override
def _get(self, key: str) -> Optional[Any]:
    stat = global_stats.get_stat(self._name)
    if key in stat.cache:
        stat += Stats(num_get_hit=1)
        return stat.cache.get(key)
    else:
        stat += Stats(num_get_miss=1)
        return None

@override
def _put(self, key: str, data: Any) -> None:
    stat = global_stats.get_stat(self._name)
    stat += Stats(num_put=1)
    stat.cache[key] = data

                return the result as one of the following JSONs: {{""smell_type"":""lazy class""}} OR {{""smell_type"":""non-lazy class""}} AND {""explanation"":""your explication about this code""}
",False,"{""raw"": {""-"": {""loc"": 27, ""lloc"": 22, ""sloc"": 22, ""comments"": 0, ""multi"": 0, ""blank"": 5, ""single_comments"": 0}}, ""cc"": {""-"": [{""type"": ""class"", ""rank"": ""A"", ""endline"": 27, ""col_offset"": 0, ""complexity"": 2, ""lineno"": 1, ""name"": ""MockBackend"", ""methods"": [{""type"": ""method"", ""rank"": ""A"", ""endline"": 4, ""col_offset"": 4, ""complexity"": 1, ""classname"": ""MockBackend"", ""lineno"": 3, ""name"": ""__init__"", ""closures"": []}, {""type"": ""method"", ""rank"": ""A"", ""endline"": 11, ""col_offset"": 4, ""complexity"": 1, ""classname"": ""MockBackend"", ""lineno"": 7, ""name"": ""with_name"", ""closures"": [{""type"": ""function"", ""rank"": ""A"", ""endline"": 10, ""col_offset"": 8, ""complexity"": 1, ""lineno"": 9, ""name"": ""wrapper"", ""closures"": []}]}, {""type"": ""method"", ""rank"": ""A"", ""endline"": 21, ""col_offset"": 4, ""complexity"": 2, ""classname"": ""MockBackend"", ""lineno"": 14, ""name"": ""_get"", ""closures"": []}, {""type"": ""method"", ""rank"": ""A"", ""endline"": 27, ""col_offset"": 4, ""complexity"": 1, ""classname"": ""MockBackend"", ""lineno"": 24, ""name"": ""_put"", ""closures"": []}]}, {""type"": ""method"", ""rank"": ""A"", ""endline"": 21, ""col_offset"": 4, ""complexity"": 2, ""classname"": ""MockBackend"", ""lineno"": 14, ""name"": ""_get"", ""closures"": []}, {""type"": ""method"", ""rank"": ""A"", ""endline"": 4, ""col_offset"": 4, ""complexity"": 1, ""classname"": ""MockBackend"", ""lineno"": 3, ""name"": ""__init__"", ""closures"": []}, {""type"": ""method"", ""rank"": ""A"", ""endline"": 11, ""col_offset"": 4, ""complexity"": 1, ""classname"": ""MockBackend"", ""lineno"": 7, ""name"": ""with_name"", ""closures"": [{""type"": ""function"", ""rank"": ""A"", ""endline"": 10, ""col_offset"": 8, ""complexity"": 1, ""lineno"": 9, ""name"": ""wrapper"", ""closures"": []}]}, {""type"": ""method"", ""rank"": ""A"", ""endline"": 27, ""col_offset"": 4, ""complexity"": 1, ""classname"": ""MockBackend"", ""lineno"": 24, ""name"": ""_put"", ""closures"": []}]}, ""mi"": {""-"": {""mi"": 58.84462950125994, ""rank"": ""A""}}, ""hal"": {""-"": {""total"": {""h1"": 2, ""h2"": 7, ""N1"": 4, ""N2"": 8, ""vocabulary"": 9, ""length"": 12, ""calculated_length"": 21.651484454403228, ""volume"": 38.03910001730775, ""difficulty"": 1.1428571428571428, ""effort"": 43.47325716263743, ""time"": 2.415180953479857, ""bugs"": 0.012679700005769252}, ""functions"": {""__init__"": {""h1"": 0, ""h2"": 0, ""N1"": 0, ""N2"": 0, ""vocabulary"": 0, ""length"": 0, ""calculated_length"": 0, ""volume"": 0, ""difficulty"": 0, ""effort"": 0, ""time"": 0.0, ""bugs"": 0.0}, ""with_name"": {""h1"": 0, ""h2"": 0, ""N1"": 0, ""N2"": 0, ""vocabulary"": 0, ""length"": 0, ""calculated_length"": 0, ""volume"": 0, ""difficulty"": 0, ""effort"": 0, ""time"": 0.0, ""bugs"": 0.0}, ""_get"": {""h1"": 2, ""h2"": 5, ""N1"": 3, ""N2"": 6, ""vocabulary"": 7, ""length"": 9, ""calculated_length"": 13.60964047443681, ""volume"": 25.26619429851844, ""difficulty"": 1.2, ""effort"": 30.319433158222125, ""time"": 1.6844129532345624, ""bugs"": 0.008422064766172813}, ""_put"": {""h1"": 1, ""h2"": 2, ""N1"": 1, ""N2"": 2, ""vocabulary"": 3, ""length"": 3, ""calculated_length"": 2.0, ""volume"": 4.754887502163469, ""difficulty"": 0.5, ""effort"": 2.3774437510817346, ""time"": 0.1320802083934297, ""bugs"": 0.0015849625007211565}}}}}",2026-03-22T01:53:10.137161,0
906bf762-33de-495a-a4b3-4f8421df6040,non-lazy class,"This code defines a class `PermissionsWatchdog` that reacts to a specific event, `BrowserConnectedEvent`. It does not exhibit lazy initialization as it is not initialized until an instance of the class is created and the event occurs. The class checks for permissions and grants them if necessary, making it a non-lazy class.",v0113__browser-use__permissionswatchdog__83a060403edd5b8b__20260318_230846_936485.py,mistral:latest,python,PermissionsWatchdog,,lazy-class,"class PermissionsWatchdog(BaseWatchdog):
    """"""Grants browser permissions when browser connects.""""""
    LISTENS_TO: ClassVar[list[type[BaseEvent]]] = [BrowserConnectedEvent]
    EMITS: ClassVar[list[type[BaseEvent]]] = []

    async def on_BrowserConnectedEvent(self, event: BrowserConnectedEvent) -> None:
        """"""Grant permissions when browser connects.""""""
        permissions = self.browser_session.browser_profile.permissions
        if not permissions:
            self.logger.debug('No permissions to grant')
            return
        self.logger.debug(f'🔓 Granting browser permissions: {permissions}')
        try:
            await self.browser_session.cdp_client.send.Browser.grantPermissions(params={'permissions': permissions})
            self.logger.debug(f'✅ Successfully granted permissions: {permissions}')
        except Exception as e:
            self.logger.error(f'❌ Failed to grant permissions: {str(e)}')",zero-shot,"
                Classify the code as a lazy-class or a non-lazy-class 

                Code: class PermissionsWatchdog(BaseWatchdog):
""""""Grants browser permissions when browser connects.""""""
LISTENS_TO: ClassVar[list[type[BaseEvent]]] = [BrowserConnectedEvent]
EMITS: ClassVar[list[type[BaseEvent]]] = []

async def on_BrowserConnectedEvent(self, event: BrowserConnectedEvent) -> None:
    """"""Grant permissions when browser connects.""""""
    permissions = self.browser_session.browser_profile.permissions
    if not permissions:
        self.logger.debug('No permissions to grant')
        return
    self.logger.debug(f'🔓 Granting browser permissions: {permissions}')
    try:
        await self.browser_session.cdp_client.send.Browser.grantPermissions(params={'permissions': permissions})
        self.logger.debug(f'✅ Successfully granted permissions: {permissions}')
    except Exception as e:
        self.logger.error(f'❌ Failed to grant permissions: {str(e)}')

                return the result as one of the following JSONs: {{""smell_type"":""lazy class""}} OR {{""smell_type"":""non-lazy class""}} AND {""explanation"":""your explication about this code""}
",False,"{""raw"": {""-"": {""loc"": 17, ""lloc"": 19, ""sloc"": 14, ""comments"": 0, ""multi"": 0, ""blank"": 1, ""single_comments"": 2}}, ""cc"": {""-"": [{""type"": ""class"", ""rank"": ""A"", ""name"": ""PermissionsWatchdog"", ""complexity"": 4, ""endline"": 17, ""lineno"": 1, ""col_offset"": 0, ""methods"": [{""type"": ""method"", ""rank"": ""A"", ""name"": ""on_BrowserConnectedEvent"", ""complexity"": 3, ""endline"": 17, ""classname"": ""PermissionsWatchdog"", ""lineno"": 6, ""col_offset"": 4, ""closures"": []}]}, {""type"": ""method"", ""rank"": ""A"", ""name"": ""on_BrowserConnectedEvent"", ""complexity"": 3, ""endline"": 17, ""classname"": ""PermissionsWatchdog"", ""lineno"": 6, ""col_offset"": 4, ""closures"": []}]}, ""mi"": {""-"": {""mi"": 69.45948725063857, ""rank"": ""A""}}, ""hal"": {""-"": {""total"": {""h1"": 1, ""h2"": 1, ""N1"": 1, ""N2"": 1, ""vocabulary"": 2, ""length"": 2, ""calculated_length"": 0.0, ""volume"": 2.0, ""difficulty"": 0.5, ""effort"": 1.0, ""time"": 0.05555555555555555, ""bugs"": 0.0006666666666666666}, ""functions"": {""on_BrowserConnectedEvent"": {""h1"": 1, ""h2"": 1, ""N1"": 1, ""N2"": 1, ""vocabulary"": 2, ""length"": 2, ""calculated_length"": 0.0, ""volume"": 2.0, ""difficulty"": 0.5, ""effort"": 1.0, ""time"": 0.05555555555555555, ""bugs"": 0.0006666666666666666}}}}}",2026-03-22T01:53:11.161944,0
